campaign_name,campaign_id,spend,impressions,clicks,ctr,cpc,date_start,date_stop,website_purchase_roas,spend_eur,ctr_pct,roas
23 DECEMBER - Classic Herringbone Trousers - 1.60 - SINGLE PRODUCT,120214412769880719,24.4,1446,46,3.181189,0.530435,2023-07-27,2025-03-18,,23.424,3.18118948824343,0
23 DECEMBER - Christmas Snowman Sweater- 1.54 - SINGLE PRODUCT,120214413668510719,23.83,1657,24,1.448401,0.992917,2023-07-27,2025-03-18,,22.876799999999996,1.448400724200362,0
23 DECEMBER - Elegant Wool Beret- 1.38 - SINGLE PRODUCT,120214413973060719,28.17,1070,29,2.71028,0.971379,2023-07-27,2025-03-18,,27.043200000000002,2.710280373831776,0
27 DECEMBER - Stylish Striped Sports Tracksuit- 1.56 - SINGLE PRODUCT,120214499921930719,27.82,1712,236,13.785047,0.117881,2023-07-27,2025-03-18,,26.7072,13.785046728971961,0
27 DECEMBER - Elegant Men's Fur-lined Winter Coat- 1.59 - SINGLE PRODUCT,120214501246520719,15.81,1283,29,2.260327,0.545172,2023-07-27,2025-03-18,,15.1776,2.260327357755261,0
27 DECEMBER - Sparkling Long-sleeved Sequin Mini Dress- 1.58 - SINGLE PRODUCT,120214505224130719,15.5,739,20,2.70636,0.775,2023-07-27,2025-03-18,,14.879999999999999,2.706359945872801,0
30 DECEMBER - Classic Leather Jacket - 1.57 - SINGLE PRODUCT,120214526621580719,29.71,1661,172,10.355208,0.172733,2023-07-27,2025-03-18,,28.5216,10.355207706201083,0
30 DECEMBER - Casual Long-sleeved Men's Shirt - 1.48 - SINGLE PRODUCT,120214583168200719,38.55,2384,334,14.010067,0.115419,2023-07-27,2025-03-18,,37.007999999999996,14.01006711409396,0
31 DECEMBER - Men's Cashmere Sweater - 1.49 - SINGLE PRODUCT,120214583381520719,39.26,2386,357,14.96228,0.109972,2023-07-27,2025-03-18,,37.6896,14.962279966471081,0
31 DECEMBER - Stylish Button-down Cardigan - 1.56 - SINGLE PRODUCT,120214583533640719,114.81,7442,931,12.510078,0.123319,2023-07-27,2025-03-18,,110.2176,12.5100779360387,0
31 DECEMBER - Warm and Elegant Hooded Fur and Leather Jacket - 1.57 - SINGLE PRODUCT,120214583676510719,34.36,2591,116,4.477036,0.296207,2023-07-27,2025-03-18,,32.9856,4.477035893477422,0
1 JANUARY - Warm Knitted Sweater - 1.54 - SINGLE PRODUCT,120214602476410719,51.42,3030,215,7.09571,0.239163,2023-07-27,2025-03-18,"[{'action_type': 'offsite_conversion.fb_pixel_purchase', 'value': '1.002528'}]",49.3632,7.095709570957095,0
1 JANUARY - Cashmere and Wool Patchwork Print Sweater - 1.49 - SINGLE PRODUCT,120214602924660719,51.49,3923,83,2.115728,0.620361,2023-07-27,2025-03-18,"[{'action_type': 'offsite_conversion.fb_pixel_purchase', 'value': '0.800738'}]",49.4304,2.1157277593678305,0
1 JANUARY - Cozy Graphic Sweater - 1.59 - SINGLE PRODUCT,120214602980200719,52.28,5763,112,1.943432,0.466786,2023-07-27,2025-03-18,,50.1888,1.9434322401526982,0
1 JANUARY - Soft Fur-lined Slippers - 1.55 - SINGLE PRODUCT,120214603039950719,53.14,4648,157,3.377797,0.338471,2023-07-27,2025-03-18,,51.0144,3.377796901893287,0
2 JANUARY - Women's Leather Ankle Boots - 1.56 - SINGLE PRODUCT,120214603169430719,39.61,2070,99,4.782609,0.400101,2023-07-27,2025-03-18,,38.0256,4.782608695652174,0
"2 JANUARY - Comfortable, Waterproof Cargo Pants - 1.56 - SINGLE PRODUCT",120214603283280719,39.71,1626,47,2.890529,0.844894,2023-07-27,2025-03-18,,38.1216,2.890528905289053,0
2 JANUARY - Elegant Classic Wool Winter coat - 1.58 - SINGLE PRODUCT,120214603333050719,49.57,3942,77,1.953323,0.643766,2023-07-27,2025-03-18,,47.587199999999996,1.9533231861998983,0
2 JANUARY - Cherry Print Oversized Jacket - 1.53 - SINGLE PRODUCT,120214603397510719,50.71,3295,84,2.549317,0.60369,2023-07-27,2025-03-18,,48.681599999999996,2.549317147192716,0
2 JANUARY - High Waisted Sculpting Cargo Pants - 1.60 - SINGLE PRODUCT,120214603427090719,30.74,1739,53,3.047729,0.58,2023-07-27,2025-03-18,,29.510399999999997,3.0477285796434734,0
3 JANUARY - Warm Winter Wool Sweater - 1.37 - SINGLE PRODUCT,120214617113250719,40.59,2495,88,3.527054,0.46125,2023-07-27,2025-03-18,,38.9664,3.527054108216433,0
3 JANUARY - Elegant Cozy Cardigan - 1.45 - SINGLE PRODUCT,120214637119290719,46.81,3306,189,5.716878,0.247672,2023-07-27,2025-03-18,,44.9376,5.716878402903811,0
3 JANUARY - Pullover Hooded Sweater - 1.55 - SINGLE PRODUCT,120214637340170719,39.81,3477,65,1.869428,0.612462,2023-07-27,2025-03-18,,38.2176,1.8694276675294794,0
3 JANUARY - Luxurious Glitter Knit Zip-up Sweater - 1.59 - SINGLE PRODUCT,120214638001000719,42.73,1576,162,10.279188,0.263765,2023-07-27,2025-03-18,"[{'action_type': 'offsite_conversion.fb_pixel_purchase', 'value': '1.722443'}]",41.020799999999994,10.279187817258883,0
3 JANUARY - Classic Fur-lined Leather Jacket - 1.57 - SINGLE PRODUCT,120214638850820719,42.25,3498,74,2.115495,0.570946,2023-07-27,2025-03-18,,40.559999999999995,2.115494568324757,0
4 JANUARY -  Elegant Pleated Dress - 1.58 - SINGLE PRODUCT,120214650470880719,26.07,1401,54,3.85439,0.482778,2023-07-27,2025-03-18,,25.0272,3.854389721627409,0
4 JANUARY - Balaclava Hooded Jacket - 1.68 - SINGLE PRODUCT,120214650523560719,26.19,3039,56,1.842711,0.467679,2023-07-27,2025-03-18,,25.1424,1.8427114182296807,0
4 JANUARY - Stylish Quilted Winter Jacket  - 1.57- SINGLE PRODUCT,120214650589090719,78.02,3111,212,6.814529,0.368019,2023-07-27,2025-03-18,"[{'action_type': 'offsite_conversion.fb_pixel_purchase', 'value': '0.789541'}]",74.8992,6.814529090324655,0
4 JANUARY - Stylish Winter Boots  - 1.58 - SINGLE PRODUCT,120214650657780719,26.64,1722,67,3.890825,0.397612,2023-07-27,2025-03-18,,25.5744,3.8908246225319396,0
4 JANUARY - Sporty Hooded Winter Jacket  - 1.48 - SINGLE PRODUCT,120214650713950719,25.4,2397,19,0.792657,1.336842,2023-07-27,2025-03-18,,24.383999999999997,0.7926574885273258,0
5 JANUARY - Glittery Long-Sleeved Fringe Dress - 1.53 - SINGLE PRODUCT,120214664011520719,30.45,2294,47,2.048823,0.647872,2023-07-27,2025-03-18,,29.232,2.048823016564952,0
5 JANUARY - Warm Down Jacket - 1.57 - SINGLE PRODUCT,120214691512340719,90.94,5387,233,4.325227,0.3903,2023-07-27,2025-03-18,,87.30239999999999,4.325227399294598,0
5 JANUARY - Stand Collar Quilted Winter Jacket - 1.57 - SINGLE PRODUCT,120214691568880719,28.97,2365,56,2.367865,0.517321,2023-07-27,2025-03-18,,27.8112,2.367864693446089,0
6 JANUARY - Soft Cashmere Zip-up Jacket - 1.57 - SINGLE PRODUCT,120214691636140719,41.09,2310,108,4.675325,0.380463,2023-07-27,2025-03-18,,39.446400000000004,4.675324675324675,0
6 JANUARY - Stretchy High-waisted Wide Leg Pants - 1.54 - SINGLE PRODUCT,120214691681960719,40.55,1964,78,3.971487,0.519872,2023-07-27,2025-03-18,,38.928,3.971486761710794,0
6 JANUARY - Elegant Classic Plaid Print Dress - 1.50 - SINGLE PRODUCT,120214691727750719,37.42,2424,60,2.475248,0.623667,2023-07-27,2025-03-18,,35.9232,2.4752475247524752,0
7 JANUARY - C05 ADS collection (Jan 4) - COLLECTION,120214726716310719,82.8,3858,139,3.602903,0.595683,2023-07-27,2025-03-18,"[{'action_type': 'offsite_conversion.fb_pixel_purchase', 'value': '1.180314'}]",79.488,3.602903058579575,0
8 JANUARY - C06 ADS collection (Jan 4) - COLLECTION,120214726820750719,104.26,8074,187,2.316076,0.55754,2023-07-27,2025-03-18,"[{'action_type': 'offsite_conversion.fb_pixel_purchase', 'value': '0.790716'}]",100.0896,2.316076294277929,0
"9 JANUARY - Timeless, Warm and Stylish Coat - 1.57 - SINGLE PRODUCT",120214794207100719,21.7,1169,33,2.822926,0.657576,2023-07-27,2025-03-18,,20.831999999999997,2.8229255774165956,0
9 JANUARY - Warm Knitted Comfy Sweater - 1.57 - SINGLE PRODUCT,120214794496670719,22.6,952,19,1.995798,1.189474,2023-07-27,2025-03-18,,21.696,1.9957983193277309,0
9 JANUARY -  Dress with Long sleeve Top - 1.53 - SINGLE PRODUCT,120214794665620719,32.1,3163,37,1.169776,0.867568,2023-07-27,2025-03-18,,30.816,1.1697755295605439,0
9 JANUARY - C07 ADS Collection (Jan 07) - COLLECTION,120214794769580719,32.94,997,47,4.714142,0.700851,2023-07-27,2025-03-18,,31.622399999999995,4.714142427281845,0
10 JANUARY - Elegant and Comfortable Dress - 1.54 - SINGLE PRODUCT,120214795335210719,44.49,2242,47,2.096343,0.946596,2023-07-27,2025-03-18,,42.7104,2.096342551293488,0
10 JANUARY - Windproof Wool Jacket - 1.57 - SINGLE PRODUCT,120214795421460719,46.62,3255,101,3.102919,0.461584,2023-07-27,2025-03-18,,44.755199999999995,3.1029185867895546,0
10 JANUARY - Essential Winter Jacket - 1.59 - SINGLE PRODUCT,120214795623500719,23.23,1465,22,1.501706,1.055909,2023-07-27,2025-03-18,,22.3008,1.5017064846416381,0
10 JANUARY - Cheerful Colorful Turtleneck - 1.59 - SINGLE PRODUCT,120214795729470719,22.44,1150,18,1.565217,1.246667,2023-07-27,2025-03-18,,21.5424,1.565217391304348,0
11 JANUARY - Lambskin Leather Jacket - 1.60 - SINGLE PRODUCT,120214858653560719,25.64,1510,38,2.516556,0.674737,2023-07-27,2025-03-18,"[{'action_type': 'offsite_conversion.fb_pixel_purchase', 'value': '3.76092'}]",24.6144,2.5165562913907285,0
11 JANUARY - Soft Winter Pullover - 1.59 - SINGLE PRODUCT,120214858909440719,22.6,2353,24,1.019975,0.941667,2023-07-27,2025-03-18,,21.696,1.019974500637484,0
11 JANUARY - Chic Winter Jacket - 1.56 - SINGLE PRODUCT,120214859105750719,24.17,1514,40,2.642008,0.60425,2023-07-27,2025-03-18,,23.203200000000002,2.642007926023778,0
11 JANUARY - Casual Leather Sneakers - 1.51 - SINGLE PRODUCT,120214859215460719,22.1,1428,10,0.70028,2.21,2023-07-27,2025-03-18,,21.216,0.700280112044818,0
14 JANUARY - Lambskin Leather Jacket - 1.60 - SINGLE PRODUCT,120214915730830719,27.85,2349,45,1.915709,0.618889,2023-07-27,2025-03-18,,26.736,1.9157088122605364,0
14 JANUARY - Elegant Unisex Marten Boots - 1.58 - SINGLE PRODUCT,120214915730840719,25.6,2755,29,1.052632,0.882759,2023-07-27,2025-03-18,,24.576,1.0526315789473684,0
14 JANUARY - C08 ADS Collection (Jan 12) - COLLECTION,120214915730860719,24.49,911,32,3.512623,0.765313,2023-07-27,2025-03-18,,23.510399999999997,3.512623490669594,0
14 JANUARY - Stylish Winter Jacket - 1.59 - SINGLE PRODUCT,120214915731220719,89.42,13074,92,0.703687,0.971957,2023-07-27,2025-03-18,,85.8432,0.7036867064402631,0
19 JANUARY - Elegant Fleece-lined Coat- 1.53 - SINGLE PRODUCT,120215063106810719,69.14,12516,332,2.652605,0.208253,2023-07-27,2025-03-18,,66.3744,2.652604666027485,0
19 JANUARY - Walking Leather Shoes - 1.46 - SINGLE PRODUCT,120215063286490719,81.52,9328,220,2.358491,0.370545,2023-07-27,2025-03-18,"[{'action_type': 'offsite_conversion.fb_pixel_purchase', 'value': '0.815751'}]",78.25919999999999,2.358490566037736,0
19 JANUARY - Retro Square Heeled Pumps - 1.60 - SINGLE PRODUCT,120215063385650719,115.14,14142,229,1.61929,0.502795,2023-07-27,2025-03-18,"[{'action_type': 'offsite_conversion.fb_pixel_purchase', 'value': '0.621939'}]",110.53439999999999,1.6192900579833123,0
20 JANUARY - Casual Zip-Up Sweater - 1.61 - SINGLE PRODUCT,120215063484550719,27.22,3168,78,2.462121,0.348974,2023-07-27,2025-03-18,,26.131199999999996,2.462121212121212,0
20 JANUARY - C11 ADS Collection (January 17) - COLLECTION,120215063599110719,35.68,1951,96,4.920554,0.371667,2023-07-27,2025-03-18,,34.2528,4.920553562275757,0
21 JANUARY - Women's Cashmere Trench Coat - 1.59 - SINGLE PRODUCT,120215140359570719,54.77,4471,258,5.770521,0.212287,2023-07-27,2025-03-18,,52.5792,5.770521136211138,0
21 JANUARY - High Top Leather Lace-up Sneakers - 1.76 - SINGLE PRODUCT,120215143376920719,239.12,35258,818,2.320041,0.292323,2023-07-27,2025-03-18,"[{'action_type': 'offsite_conversion.fb_pixel_purchase', 'value': '1.064361'}]",229.55519999999999,2.32004084179477,0
21 JANUARY - Short Button-down Wool Coat - 1.61 - SINGLE PRODUCT,120215143537690719,48.84,4643,179,3.855266,0.272849,2023-07-27,2025-03-18,,46.8864,3.8552659918156365,0
22 JANUARY - Gentleman Button-down Cardigan - 1.68 - SINGLE PRODUCT,120215191017810719,21.69,2646,61,2.305367,0.355574,2023-07-27,2025-03-18,,20.822400000000002,2.305366591080877,0
22 JANUARY - Woven Leather Hobo Bag - 1.74 - SINGLE PRODUCT,120215191162910719,74.52,9535,175,1.835343,0.425829,2023-07-27,2025-03-18,"[{'action_type': 'offsite_conversion.fb_pixel_purchase', 'value': '2.781804'}]",71.5392,1.8353434714210803,0
23 JANUARY - C12 ADS Collection (January 21) - COLLECTION,120215229225040719,54.11,3528,130,3.684807,0.416231,2023-07-27,2025-03-18,,51.9456,3.6848072562358274,0
23 JANUARY - Comfortable Leather Jacket - 1.55 - SINGLE PRODUCT,120215231542080719,122.05,17448,304,1.74232,0.40148,2023-07-27,2025-03-18,"[{'action_type': 'offsite_conversion.fb_pixel_purchase', 'value': '1.044572'}]",117.16799999999999,1.742320036680422,0
23 JANUARY - The Classic Overshirt - 1.59 - SINGLE PRODUCT,120215232380490719,22.94,1813,30,1.654716,0.764667,2023-07-27,2025-03-18,,22.0224,1.654715940430226,0
23 JANUARY - Double-breasted Wool Trench Coat - 1.57 - SINGLE PRODUCT,120215232564280719,134.05,12561,578,4.601544,0.23192,2023-07-27,2025-03-18,"[{'action_type': 'offsite_conversion.fb_pixel_purchase', 'value': '2.708542'}]",128.68800000000002,4.60154446302046,0
24 JANUARY - Warm Casual Corduroy Pants - 1.60 - SINGLE PRODUCT,120215233748850719,21.49,1277,20,1.566171,1.0745,2023-07-27,2025-03-18,,20.630399999999998,1.5661707126076743,0
24 JANUARY - Self-Tie Bow Cardigan - 1.54 - SINGLE PRODUCT,120215234194390719,40.22,3095,55,1.77706,0.731273,2023-07-27,2025-03-18,,38.6112,1.7770597738287561,0
4 FEBRUARY- C15 ADS Collection (February 01) - COLLECTION,120215770818110719,167.03,10212,566,5.542499,0.295106,2023-07-27,2025-03-18,"[{'action_type': 'offsite_conversion.fb_pixel_purchase', 'value': '1.109082'}]",160.34879999999998,5.54249902075989,0
4 FEBRUARY- C16 ADS Collection (February 01) - COLLECTION,120215771232310719,53.76,4833,90,1.862197,0.597333,2023-07-27,2025-03-18,,51.60959999999999,1.86219739292365,0
5 FEBRUARY- C17 ADS Collection (February 01) - COLLECTION,120215803387680719,90.51,8845,287,3.244771,0.315366,2023-07-27,2025-03-18,"[{'action_type': 'offsite_conversion.fb_pixel_purchase', 'value': '1.061651'}]",86.8896,3.244771057094403,0
7 FEBRUARY- C11 ADS Collection (February 7) - COLLECTION,120215873563470719,45.68,3105,122,3.929147,0.374426,2023-07-27,2025-03-18,,43.852799999999995,3.92914653784219,0
"7 FEBRUARY - Comfortable, Knitted, Soft Turtleneck Sweater - 1.58 - SINGLE PRODUCT",120215874165630719,115.41,8345,270,3.23547,0.427444,2023-07-27,2025-03-18,"[{'action_type': 'offsite_conversion.fb_pixel_purchase', 'value': '1.621437'}]",110.7936,3.2354703415218693,0
7 FEBRUARY - Retro Square Heeled Pumps - 1.48 - SINGLE PRODUCT,120215874818660719,38.96,4893,75,1.532802,0.519467,2023-07-27,2025-03-18,,37.4016,1.5328019619865114,0
7 FEBRUARY - Cheerful Colorful Turtleneck - 1.45 - SINGLE PRODUCT,120215875549160719,39.99,5776,149,2.57964,0.268389,2023-07-27,2025-03-18,,38.3904,2.579639889196676,0
7 FEBRUARY - Distressed Leather Hobo Bag - 1.52 - SINGLE PRODUCT,120215875811060719,41.19,5172,123,2.37819,0.334878,2023-07-27,2025-03-18,"[{'action_type': 'offsite_conversion.fb_pixel_purchase', 'value': '2.259286'}]",39.542399999999994,2.3781902552204177,0
8 FEBRUARY - Distressed Leather Hobo Bag - 1.52 - SINGLE PRODUCT - RELAUNCHED,120215922902940719,25.59,3734,54,1.44617,0.473889,2023-07-27,2025-03-18,,24.566399999999998,1.44617032672737,0
8 FEBRUARY - Breathable Sport Shoes- 1.55 - SINGLE PRODUCT - RELAUNCHED,120215925484100719,24.1,2248,45,2.001779,0.535556,2023-07-27,2025-03-18,,23.136,2.0017793594306053,0
10  FEBRUARY - Leopard Pattern Fur Jacket - 1.55- SINGLE PRODUCT,120216059707610719,28.59,1458,51,3.497942,0.560588,2023-07-27,2025-03-18,,27.4464,3.4979423868312756,0
10  FEBRUARY - Modern and Ergonomic Casual Sneakers - 1.53- SINGLE PRODUCT,120216060654960719,30.1,3257,101,3.101013,0.29802,2023-07-27,2025-03-18,,28.896,3.101013202333436,0
10  FEBRUARY - Loose Casual Lounge Set - 1.57- SINGLE PRODUCT,120216060654990719,26.42,5538,47,0.848682,0.562128,2023-07-27,2025-03-18,,25.3632,0.8486818345973276,0
10  FEBRUARY - Vintage Floral Print Denim Flared Pants - 1.46- SINGLE PRODUCT - Copy,120216060655000719,26.66,1959,64,3.266973,0.416563,2023-07-27,2025-03-18,,25.5936,3.2669729453802963,0
11  FEBRUARY - Comfortable and Stylish Button-down Sweater - 1.53- SINGLE PRODUCT,120216067482560719,54.2,5641,117,2.0741,0.463248,2023-07-27,2025-03-18,,52.032000000000004,2.0741003368197126,0
11 FEBRUARY- C19 ADS (Feb 07)- COLLECTION,120216067694940719,29.35,2890,61,2.110727,0.481148,2023-07-27,2025-03-18,,28.176000000000002,2.110726643598616,0
11  FEBRUARY - Steel Toe Safety Shoes - 1.55- SINGLE PRODUCT,120216068682790719,20.33,2124,61,2.87194,0.333279,2023-07-27,2025-03-18,,19.516799999999996,2.871939736346516,0
11  FEBRUARY - Cozy Graphic Sweater - 1.56 - SINGLE PRODUCT,120216069244630719,25.32,3161,27,0.85416,0.937778,2023-07-27,2025-03-18,,24.307199999999998,0.8541600759253402,0
12 FEBRUARY- C20 ADS (Feb 10)- COLLECTION,120216120102010719,153.75,20031,350,1.747292,0.439286,2023-07-27,2025-03-18,"[{'action_type': 'offsite_conversion.fb_pixel_purchase', 'value': '0.906211'}]",147.6,1.7472916978683042,0
12 FEBRUARY- C21 ADS (Feb 10)- COLLECTION - RELAUNCH,120216121940990719,586.73,86797,2921,3.365324,0.200866,2023-07-27,2025-03-18,"[{'action_type': 'offsite_conversion.fb_pixel_purchase', 'value': '0.748828'}]",563.2608,3.3653236863025215,0
13 FEBRUARY - Wool Coat - 1.66 - SINGLE PRODUCT,120216183434670719,26.16,3351,38,1.13399,0.688421,2023-07-27,2025-03-18,,25.113599999999998,1.1339898537749926,0
13 FEBRUARY - Four-piece Comfy Lounge Set - 1.58 - SINGLE PRODUCT,120216183892860719,25.58,1664,26,1.5625,0.983846,2023-07-27,2025-03-18,,24.5568,1.5625,0
13 FEBRUARY - Women's Tweed Button Jacket - 1.56 - SINGLE PRODUCT,120216184243700719,41.51,4761,205,4.305818,0.202488,2023-07-27,2025-03-18,,39.849599999999995,4.305818105440034,0
13 FEBRUARY - Water and Windproof Winter Jacket - 1.84 - SINGLE PRODUCT,120216184412910719,447.32,68284,1913,2.801535,0.233832,2023-07-27,2025-03-18,"[{'action_type': 'offsite_conversion.fb_pixel_purchase', 'value': '2.367813'}]",429.42719999999997,2.8015347665631776,0
13 FEBRUARY - Breathable Sport Shoes - 1.55 - SINGLE PRODUCT,120216186132610719,26.2,3672,58,1.579521,0.451724,2023-07-27,2025-03-18,,25.151999999999997,1.579520697167756,0
12 FEBRUARY- C21 ADS (Feb 10)- COLLECTION RELAUNCH,120216194893070719,655,109868,3480,3.167437,0.188218,2023-07-27,2025-03-18,"[{'action_type': 'offsite_conversion.fb_pixel_purchase', 'value': '1.27858'}]",628.8,3.167437288382423,0
14 FEBRUARY - Elegant Heart Button Cardigan - 1.53 - SINGLE PRODUCT,120216260801370719,40.95,3633,124,3.413157,0.330242,2023-07-27,2025-03-18,,39.312000000000005,3.413157170382604,0
14 FEBRUARY - Breathable Lightweight Casual Lace-up Shoes - 1.53 - SINGLE PRODUCT,120216261453180719,25.63,2352,55,2.338435,0.466,2023-07-27,2025-03-18,,24.604799999999997,2.33843537414966,0
14 FEBRUARY - Warm Fleece Hat - 1.43 - SINGLE PRODUCT,120216261769420719,24.24,3431,30,0.874381,0.808,2023-07-27,2025-03-18,,23.2704,0.8743806470416788,0
14 FEBRUARY - Women's Double-breasted Coat and Pants Set - 1.59 - SINGLE PRODUCT,120216261897340719,24.27,2021,67,3.315191,0.362239,2023-07-27,2025-03-18,,23.2992,3.3151904997525974,0
14 FEBRUARY - Elite Winter Clothing Set - 1.59 - SINGLE PRODUCT,120216262025150719,394.71,57209,1782,3.114895,0.221498,2023-07-27,2025-03-18,"[{'action_type': 'offsite_conversion.fb_pixel_purchase', 'value': '1.90322'}]",378.92159999999996,3.114894509605132,0
15 FEBRUARY - Crystal Star Dress - 1.57 - SINGLE PRODUCT,120216305479630719,37.54,6573,414,6.298494,0.090676,2023-07-27,2025-03-18,,36.038399999999996,6.29849383842994,0
15 FEBRUARY- C22 ADS Collection (February 12) - COLLECTION,120216305793710719,60.14,4724,170,3.598645,0.353765,2023-07-27,2025-03-18,,57.7344,3.598645215918713,0
15 FEBRUARY - Elegant Lace Jumpsuit - 1.57 - SINGLE PRODUCT,120216306172150719,24.73,1998,49,2.452452,0.504694,2023-07-27,2025-03-18,,23.7408,2.4524524524524525,0
15 FEBRUARY - Comfy Block-heeled Loafers - 1.57 - SINGLE PRODUCT,120216306532580719,24.56,2152,43,1.998141,0.571163,2023-07-27,2025-03-18,,23.577599999999997,1.9981412639405203,0
15 FEBRUARY - Turtleneck Sweater and Pants Lounge Set - 1.57 - SINGLE PRODUCT,120216307515230719,24.59,1568,63,4.017857,0.390317,2023-07-27,2025-03-18,,23.6064,4.017857142857143,0
16 FEBRUARY - Casual Long Sleeve and Jogging Pants Set - 1.53 - SINGLE PRODUCT,120216311148690719,31.3,2762,104,3.765387,0.300962,2023-07-27,2025-03-18,"[{'action_type': 'offsite_conversion.fb_pixel_purchase', 'value': '3.068371'}]",30.048,3.7653874004344683,0
16 FEBRUARY - Smooth Silk Satin Shirt - 1.43 - SINGLE PRODUCT,120216312443970719,26.84,2356,83,3.52292,0.323373,2023-07-27,2025-03-18,,25.766399999999997,3.5229202037351444,0
16 FEBRUARY - Trendy Leather Hobo Tote Bag - 1.48 - SINGLE PRODUCT,120216312826400719,26.95,2680,52,1.940299,0.518269,2023-07-27,2025-03-18,,25.872,1.9402985074626864,0
16 FEBRUARY - Safety Leather Ankle Boots - 1.59 - SINGLE PRODUCT,120216313180700719,182.35,26185,421,1.607791,0.433135,2023-07-27,2025-03-18,"[{'action_type': 'offsite_conversion.fb_pixel_purchase', 'value': '1.391719'}]",175.05599999999998,1.6077907198777928,0
19 FEBRUARY- C23 ADS (Feb 18)- COLLECTION,120216517052420719,107.91,10355,470,4.53887,0.229596,2023-07-27,2025-03-18,"[{'action_type': 'offsite_conversion.fb_pixel_purchase', 'value': '0.414512'}]",103.5936,4.53887011105746,0
20 FEBRUARY - Elegant Warm Puffer Jacket - 1.52 - SINGLE PRODUCT,120216574841920719,43.47,4568,101,2.211033,0.430396,2023-07-27,2025-03-18,,41.731199999999994,2.2110332749562174,0
20 FEBRUARY - Rainbow Striped Zip-up Jacket - 1.55 - SINGLE PRODUCT,120216574907020719,24.92,3161,51,1.613413,0.488627,2023-07-27,2025-03-18,,23.9232,1.6134134767478645,0
20 FEBRUARY - Comfortable and Loose Pants - 1.47 - SINGLE PRODUCT,120216574975850719,24.29,2553,38,1.488445,0.639211,2023-07-27,2025-03-18,,23.318399999999997,1.4884449667058364,0
20 FEBRUARY - Corduroy Button-down Jacket - 1.55 - SINGLE PRODUCT,120216575058360719,24.86,4948,43,0.869038,0.57814,2023-07-27,2025-03-18,,23.865599999999997,0.8690379951495554,0
20 FEBRUARY - Windproof Pants - 1.60 - SINGLE PRODUCT,120216575584530719,25.7,2358,53,2.247668,0.484906,2023-07-27,2025-03-18,,24.671999999999997,2.247667514843087,0
21 FEBRUARY- C25 ADS Collection (February 20) - COLLECTION,120216684258510719,53.82,5776,102,1.765928,0.527647,2023-07-27,2025-03-18,,51.6672,1.7659279778393353,0
21 FEBRUARY - Casual Single Breasted Lapel Wool Coat - 1.51 - SINGLE PRODUCT,120216685400890719,44.28,3266,151,4.623393,0.293245,2023-07-27,2025-03-18,"[{'action_type': 'offsite_conversion.fb_pixel_purchase', 'value': '1.133469'}]",42.5088,4.623392529087568,0
21 FEBRUARY - Casual Ergo Sneakers - 1.56 - SINGLE PRODUCT,120216685730300719,28.64,2557,83,3.245991,0.34506,2023-07-27,2025-03-18,,27.4944,3.245991396167384,0
21 FEBRUARY - Heartbeat Sweater and Pants Set - 1.62 - SINGLE PRODUCT,120216686403980719,28.06,2050,43,2.097561,0.652558,2023-07-27,2025-03-18,,26.937599999999996,2.097560975609756,0
21 FEBRUARY - Casual Herringbone Pattern Trousers - 1.48 - SINGLE PRODUCT,120216687836570719,42.51,6535,111,1.698546,0.382973,2023-07-27,2025-03-18,,40.809599999999996,1.6985462892119356,0
24 FEBRUARY - Women's Comfortable Trail and Walking Shoes - 1.48 - SINGLE PRODUCT,120216984789400719,35.01,3720,92,2.473118,0.380543,2023-07-27,2025-03-18,,33.6096,2.4731182795698925,0
24 FEBRUARY - Classic Leather Jacket - 1.48 - SINGLE PRODUCT,120216985268300719,38.77,5553,114,2.052944,0.340088,2023-07-27,2025-03-18,"[{'action_type': 'offsite_conversion.fb_pixel_purchase', 'value': '2.416817'}]",37.2192,2.0529443544030253,0
24 FEBRUARY -Urban Corduroy Shoulder Tote Bag - 1.48 - SINGLE PRODUCT,120216985268310719,34.42,4243,89,2.097572,0.386742,2023-07-27,2025-03-18,,33.0432,2.0975724723073297,0
25 FEBRUARY - Comfy Turtleneck Hooded Sweater - 1.51 - SINGLE PRODUCT,120217182609470719,26.77,3038,55,1.810402,0.486727,2023-07-27,2025-03-18,,25.699199999999998,1.8104015799868336,0
25 FEBRUARY- C26 ADS Collection (February 20) - COLLECTION,120217183388690719,85.32,5582,202,3.618775,0.422376,2023-07-27,2025-03-18,"[{'action_type': 'offsite_conversion.fb_pixel_purchase', 'value': '1.221285'}]",81.90719999999999,3.618774632748119,0
25 FEBRUARY - Trendy Blouse and Pants Set - 1.53 - SINGLE PRODUCT,120217184995560719,29.54,1794,75,4.180602,0.393867,2023-07-27,2025-03-18,,28.3584,4.1806020066889635,0
25 FEBRUARY - Premium Comfort Sneakers - 1.57 - SINGLE PRODUCT,120217186058700719,62.63,10652,220,2.06534,0.284682,2023-07-27,2025-03-18,,60.1248,2.0653398422831395,0
25 FEBRUARY - Classic Corduroy Blazer - 1.63 - SINGLE PRODUCT,120217186211150719,23.24,2889,31,1.073036,0.749677,2023-07-27,2025-03-18,,22.310399999999998,1.0730356524749047,0
25 FEBRUARY - Elegant Classy Long Dress - 1.58 - SINGLE PRODUCT,120217186320910719,24.14,2768,56,2.023121,0.431071,2023-07-27,2025-03-18,,23.1744,2.023121387283237,0
26 FEBRUARY - Soft Comfy Hoodie - 1.55 - SINGLE PRODUCT,120217267583300719,27.95,4354,67,1.538815,0.417164,2023-07-27,2025-03-18,,26.831999999999997,1.53881488286633,0
26 FEBRUARY - Casual Supreme Sneakers - 1.53 - SINGLE PRODUCT,120217268776220719,29.08,4423,83,1.876554,0.350361,2023-07-27,2025-03-18,,27.9168,1.876554374858693,0
26 FEBRUARY - Full Zip-up Dress Jacket - 1.54 - SINGLE PRODUCT,120217269015630719,25.13,1991,116,5.826218,0.216638,2023-07-27,2025-03-18,,24.124799999999997,5.826217980914113,0
26 FEBRUARY - Classic Elegant Leather BIker Jacket - 1.58 - SINGLE PRODUCT,120217271446990719,23.19,2224,43,1.933453,0.539302,2023-07-27,2025-03-18,,22.2624,1.9334532374100721,0
27 FEBRUARY- C26 ADS Collection (February 20) - COLLECTION - RELAUNCH,120217273545000719,91.23,4737,375,7.916403,0.24328,2023-07-27,2025-03-18,,87.5808,7.916402786573781,0
26 FEBRUARY - Radiant Denim Maxi Dress  - 1.60 - SINGLE PRODUCT,120217274417320719,22.11,1612,43,2.667494,0.514186,2023-07-27,2025-03-18,,21.2256,2.6674937965260543,0
26 FEBRUARY - Classic Suede Fleece-lined Jacket - 1.54 - SINGLE PRODUCT,120217274638230719,83.31,6549,266,4.061689,0.313195,2023-07-27,2025-03-18,"[{'action_type': 'offsite_conversion.fb_pixel_purchase', 'value': '0.754651'}]",79.9776,4.06168880745152,0
27 FEBRUARY- C27 ADS Collection (February 24) - COLLECTION,120217275166390719,46.15,2669,146,5.470214,0.316096,2023-07-27,2025-03-18,,44.303999999999995,5.470213563132259,0
27 FEBRUARY-  C28 ADS Collection (February 24) - COLLECTION,120217275646110719,52.43,3393,127,3.743,0.412835,2023-07-27,2025-03-18,,50.3328,3.7430002947244327,0
28 FEBRUARY - Short Button-down Wool Coat  - 1.51 - SINGLE PRODUCT,120217278665590719,26.11,4188,331,7.903534,0.078882,2023-07-27,2025-03-18,,25.0656,7.903533906399236,0
28 FEBRUARY - Elegant Casual Shirt  - 1.68 - SINGLE PRODUCT,120217279486300719,27.63,1532,102,6.657963,0.270882,2023-07-27,2025-03-18,,26.5248,6.657963446475196,0
28 FEBRUARY - Trendy Fashionable Art Printed Shirt  - 1.47 - SINGLE PRODUCT,120217279961370719,24.44,1681,89,5.294468,0.274607,2023-07-27,2025-03-18,,23.4624,5.29446757882213,0
28 FEBRUARY -  Elegant Single-button Wool Coat - 1.54 - SINGLE PRODUCT,120217281104970719,70.92,7014,381,5.431993,0.186142,2023-07-27,2025-03-18,"[{'action_type': 'offsite_conversion.fb_pixel_purchase', 'value': '0.656937'}]",68.0832,5.431993156544055,0
28 FEBRUARY - Classic Floral Button-down Shirt - 1.54 - SINGLE PRODUCT,120217281829030719,29.15,3030,212,6.9967,0.1375,2023-07-27,2025-03-18,,27.983999999999998,6.996699669966996,0
2 MARCH - Short Button-down Wool Coat  - 1.51 - SINGLE PRODUCT -  RELAUNCH,120217527760990719,136.96,12561,509,4.052225,0.269077,2023-07-27,2025-03-18,"[{'action_type': 'offsite_conversion.fb_pixel_purchase', 'value': '1.6967'}]",131.48160000000001,4.052225141310405,0
1 MARCH - Hooded Parka with Circular Quilting - 1.55 - SINGLE PRODUCT,120217541652500719,78.85,6292,360,5.721551,0.219028,2023-07-27,2025-03-18,"[{'action_type': 'offsite_conversion.fb_pixel_purchase', 'value': '0.589474'}]",75.696,5.72155117609663,0
1 MARCH - Elegant Long Sleeved Dress - 1.55 - SINGLE PRODUCT,120217541984610719,23.38,1497,43,2.872411,0.543721,2023-07-27,2025-03-18,,22.444799999999997,2.8724114896459585,0
1 MARCH - Elegant and Comfortable Turtleneck Sweater - 1.57 - SINGLE PRODUCT,120217542195000719,34.28,1400,112,8,0.306071,2023-07-27,2025-03-18,,32.9088,8.0,0
1 MARCH - Vintage Stripe and Letter Printed Button-down Jacket - 1.53 - SINGLE PRODUCT,120217542457570719,24.02,1490,51,3.422819,0.47098,2023-07-27,2025-03-18,,23.059199999999997,3.422818791946309,0
1 MARCH - Bi-color Classic Polo shirt - 1.64 - SINGLE PRODUCT,120217543104620719,21.6,1161,30,2.583979,0.72,2023-07-27,2025-03-18,,20.736,2.5839793281653747,0
1 MARCH - C29 ADS Collection (February 26) - COLLECTION,120217543254320719,274.38,14879,889,5.974864,0.308639,2023-07-27,2025-03-18,"[{'action_type': 'offsite_conversion.fb_pixel_purchase', 'value': '0.677564'}]",263.40479999999997,5.974863902143961,0
2 MARCH - C26 ADS Collection (February 20) - COLLECTION - RELAUNCH,120217570177040719,203.25,20880,1418,6.791188,0.143336,2023-07-27,2025-03-18,"[{'action_type': 'offsite_conversion.fb_pixel_purchase', 'value': '0.686248'}]",195.12,6.791187739463601,0
2 MARCH - C27 ADS Collection (February 24) - COLLECTION -  RELAUNCH,120217570177050719,177.24,16722,440,2.631264,0.402818,2023-07-27,2025-03-18,"[{'action_type': 'offsite_conversion.fb_pixel_purchase', 'value': '0.550835'}]",170.1504,2.6312642028465496,0
2 MARCH-  C28 ADS Collection (February 24) - COLLECTION -  RELAUNCH,120217570177060719,75.26,5946,259,4.355869,0.290579,2023-07-27,2025-03-18,,72.2496,4.355869492095526,0
3 MARCH - Elegant and Refined Ruffled Shirt - 1.45 - SINGLE PRODUCT,120217574284050719,83.24,7826,421,5.379504,0.19772,2023-07-27,2025-03-18,"[{'action_type': 'offsite_conversion.fb_pixel_purchase', 'value': '0.434166'}]",79.9104,5.379504216713519,0
3 MARCH - Elegant Evening Dress with Floral Charm - 0.00 - SINGLE PRODUCT,120217574560980719,977.5,138493,6133,4.428383,0.159384,2023-07-27,2025-03-18,"[{'action_type': 'offsite_conversion.fb_pixel_purchase', 'value': '1.623294'}]",938.4,4.428382661939593,0
3 MARCH - Comfy Drawstring Trousers - 1.59 - SINGLE PRODUCT,120217574829270719,33.01,1368,37,2.704678,0.892162,2023-07-27,2025-03-18,,31.6896,2.7046783625730995,0
3 MARCH - Four-Striped Hooded Sweater - 1.59 - SINGLE PRODUCT,120217574909660719,33.78,4264,169,3.963415,0.199882,2023-07-27,2025-03-18,,32.4288,3.9634146341463414,0
3 MARCH - Stylish Short-sleeved Polo Shirt - 1.66 - SINGLE PRODUCT,120217574979610719,45.11,3188,94,2.948557,0.479894,2023-07-27,2025-03-18,,43.3056,2.9485570890840656,0
4 MARCH - Classic Two-button Blazer - 1.55 - SINGLE PRODUCT,120217594574690719,26.46,3036,144,4.743083,0.18375,2023-07-27,2025-03-18,,25.4016,4.743083003952568,0
4 MARCH - Loose Casual Lounge Set - 1.57 - SINGLE PRODUCT,120217594746710719,28.05,1641,86,5.240707,0.326163,2023-07-27,2025-03-18,,26.928,5.2407068860450945,0
4 MARCH - Steel Toe Safety Shoes - 1.55 - SINGLE PRODUCT,120217594862960719,29.32,2313,73,3.156074,0.401644,2023-07-27,2025-03-18,,28.147199999999998,3.156074362300043,0
5 MARCH - Classic Corduroy Button-down Jacket - 1.64 - SINGLE PRODUCT,120217598790730719,33.39,2750,76,2.763636,0.439342,2023-07-27,2025-03-18,,32.0544,2.7636363636363637,0
4 MARCH - Elegant Floral Dress - 1.46 - SINGLE PRODUCT,120217634849560719,43.98,6052,410,6.77462,0.107268,2023-07-27,2025-03-18,,42.2208,6.774619960343688,0
4 MARCH - Heartbeat Sweater and Pants Set - 1.62 - SINGLE PRODUCT,120217635178840719,43.46,3878,116,2.991233,0.374655,2023-07-27,2025-03-18,,41.7216,2.9912325941206808,0
5 MARCH - Soft Wide Comfort Shoes - 1.58 - SINGLE PRODUCT,120217640301400719,16.26,1217,49,4.026294,0.331837,2023-07-27,2025-03-18,,15.6096,4.026294165981923,0
5 MARCH - Loose-Fitted Ruffle Dress - 1.59 - SINGLE PRODUCT,120217640970320719,79.05,5898,452,7.663615,0.174889,2023-07-27,2025-03-18,"[{'action_type': 'offsite_conversion.fb_pixel_purchase', 'value': '0.652498'}]",75.88799999999999,7.66361478467277,0
5 MARCH - Elegant 2 Piece Set - 1.57 - SINGLE PRODUCT,120217641144630719,15.98,1337,65,4.861631,0.245846,2023-07-27,2025-03-18,,15.3408,4.861630516080777,0
5 MARCH - Elegant Two-piece Pants and Cardigan Set - 1.56 - SINGLE PRODUCT,120217641679050719,82.81,3958,286,7.225872,0.289545,2023-07-27,2025-03-18,"[{'action_type': 'offsite_conversion.fb_pixel_purchase', 'value': '0.68784'}]",79.4976,7.225871652349672,0
6 MARCH - Cargo Jogger Pants - 1.49 - SINGLE PRODUCT,120217641956650719,37.7,2657,169,6.360557,0.223077,2023-07-27,2025-03-18,"[{'action_type': 'offsite_conversion.fb_pixel_purchase', 'value': '1.510875'}]",36.192,6.360557019194581,0
6 MARCH - Breathable Sport Shoes - 1.47 - SINGLE PRODUCT,120217642333690719,23.03,2242,53,2.363961,0.434528,2023-07-27,2025-03-18,,22.1088,2.3639607493309547,0
6 MARCH - C30 ADS Collection (March 03) - COLLECTION,120217642541850719,51.15,3911,156,3.98875,0.327885,2023-07-27,2025-03-18,"[{'action_type': 'offsite_conversion.fb_pixel_purchase', 'value': '2.361095'}]",49.104,3.988749680388647,0
6 MARCH - Leopard Print Blazer and Pants Set - 1.57 - SINGLE PRODUCT,120217642701410719,24.71,1219,81,6.644791,0.305062,2023-07-27,2025-03-18,,23.7216,6.6447908121411,0
6 MARCH - Comfortable and Flexible Clogs - 1.46 - SINGLE PRODUCT,120217642940100719,23.72,2589,129,4.982619,0.183876,2023-07-27,2025-03-18,,22.771199999999997,4.9826187717265356,0
05  MARCH - Elegant Evening Dress with Floral Charm - 0.00 - SINGLE PRODUCT - RELAUNCH,120217678748060719,562.11,67699,3305,4.881904,0.170079,2023-07-27,2025-03-18,"[{'action_type': 'offsite_conversion.fb_pixel_purchase', 'value': '1.440056'}]",539.6256,4.88190372088214,0
7 MARCH - Vintage Style Casual Suede Loafers - 1.64 - SINGLE PRODUCT,120217745879510719,19.13,1409,27,1.916253,0.708519,2023-07-27,2025-03-18,,18.3648,1.9162526614620299,0
7 MARCH - C32 ADS Collection (March 03) - COLLECTION,120217746175380719,39.02,1591,48,3.01697,0.812917,2023-07-27,2025-03-18,,37.4592,3.016970458830924,0
7 MARCH - Casual Trendy Shirt - 1.49 - SINGLE PRODUCT,120217746367580719,21.43,1121,44,3.925067,0.487045,2023-07-27,2025-03-18,,20.572799999999997,3.9250669045495097,0
7 MARCH - Leopard Print V-Neck Jumpsuit - 1.57 - SINGLE PRODUCT,120217746582840719,18.09,1752,28,1.598174,0.646071,2023-07-27,2025-03-18,,17.3664,1.5981735159817352,0
7 MARCH - Lightweight and Ergonomic Loafers - 1.61 - SINGLE PRODUCT,120217776192920719,39.43,6883,150,2.179282,0.262867,2023-07-27,2025-03-18,,37.852799999999995,2.179282289699259,0
7 MARCH - Elegant Classy Long Dress - 1.58 - SINGLE PRODUCT,120217776991740719,40.85,2944,97,3.294837,0.421134,2023-07-27,2025-03-18,,39.216,3.2948369565217392,0
7 MARCH - C32 ADS Collection (March 03) - COLLECTION,120217825880990719,21.93,1526,54,3.538663,0.406111,2023-07-27,2025-03-18,,21.052799999999998,3.5386631716906947,0
7 MARCH - C30 ADS Collection (March 03) - COLLECTION - RELAUNCH  2,120217826089870719,46.45,2829,121,4.27713,0.383884,2023-07-27,2025-03-18,,44.592,4.277129727819017,0
7 MARCH - Elegant Two-piece Pants and Cardigan Set - 1.56 - SINGLE PRODUCT - RELAUNCH 2,120217826090120719,26.49,2504,94,3.753994,0.281809,2023-07-27,2025-03-18,,25.4304,3.753993610223642,0
8 MARCH - Elegant Floral Dress - 1.46 - SINGLE PRODUCT,120217841435770719,78.66,10288,236,2.293935,0.333305,2023-07-27,2025-03-18,"[{'action_type': 'offsite_conversion.fb_pixel_purchase', 'value': '0.658149'}]",75.5136,2.29393468118196,0
8 march  - Classic Leather Jacket - 1.48 - SINGLE PRODUCT - RELAUNCH,120217842006400719,54.47,5364,239,4.45563,0.227908,2023-07-27,2025-03-18,"[{'action_type': 'offsite_conversion.fb_pixel_purchase', 'value': '1.485772'}]",52.291199999999996,4.455630126771067,0
8 MARCH - C27 ADS Collection (February 24) - COLLECTION -  RELAUNCH,120217857867340719,46.71,3437,131,3.811463,0.356565,2023-07-27,2025-03-18,,44.8416,3.8114634855979053,0
8 MARCH - C22 ADS Collection (February 12) - COLLECTION - RELAUNCH,120217857867390719,66.56,4197,162,3.8599,0.410864,2023-07-27,2025-03-18,,63.8976,3.8598999285203717,0
08 MARCH - Elegant Evening Dress with Floral Charm - 0.00 - SINGLE PRODUCT - RELAUNCH 2,120217858485300719,214.51,23277,1062,4.562444,0.201987,2023-07-27,2025-03-18,"[{'action_type': 'offsite_conversion.fb_pixel_purchase', 'value': '0.482681'}]",205.9296,4.562443613867766,0
9 MARCH - Retro Corduroy Blazer  - 1.52 - SINGLE PRODUCT,120217908320890719,32.91,2111,56,2.652771,0.587679,2023-07-27,2025-03-18,,31.593599999999995,2.652771198484131,0
9 MARCH - Printed Boho Dress  - 1.53 - SINGLE PRODUCT,120217908342330719,27.48,1588,71,4.471033,0.387042,2023-07-27,2025-03-18,,26.3808,4.471032745591939,0
9 MARCH - Windproof Wool Jacket  - 1.53 - SINGLE PRODUCT,120217908406210719,28.42,699,71,10.157368,0.400282,2023-07-27,2025-03-18,,27.2832,10.157367668097281,0
9 MARCH - Pebbled Leather Keylock Handbag - 1.58 - SINGLE PRODUCT,120217908406230719,183.83,10660,506,4.746717,0.3633,2023-07-27,2025-03-18,"[{'action_type': 'offsite_conversion.fb_pixel_purchase', 'value': '1.220911'}]",176.4768,4.74671669793621,0
9 MARCH - C33 ADS Collection (March 05) - COLLECTION,120217908932790719,98.87,4741,344,7.255853,0.287413,2023-07-27,2025-03-18,"[{'action_type': 'offsite_conversion.fb_pixel_purchase', 'value': '0.785375'}]",94.9152,7.25585319552837,0
10 MARCH - Waterproof Leather Shoes - 1.58 - SINGLE PRODUCT,120217951270760719,25.16,1205,67,5.560166,0.375522,2023-07-27,2025-03-18,,24.1536,5.560165975103734,0
10 MARCH - Outdoor Suede Shoes - 1.57 - SINGLE PRODUCT,120217951393880719,326.26,37818,923,2.440637,0.353478,2023-07-27,2025-03-18,"[{'action_type': 'offsite_conversion.fb_pixel_purchase', 'value': '1.542022'}]",313.20959999999997,2.440636733830451,0
10 MARCH - Classic Orthopedic Strap Sandals - 1.54 - SINGLE PRODUCT,120217951487070719,25.23,3233,74,2.288896,0.340946,2023-07-27,2025-03-18,,24.2208,2.2888957624497372,0
10 MARCH - Glamorous Satin Halter Dress - 1.46 - SINGLE PRODUCT,120217951689180719,26.84,2014,76,3.773585,0.353158,2023-07-27,2025-03-18,,25.766399999999997,3.7735849056603774,0
10 MARCH - Elegant Floral Pattern Dress - 1.49- SINGLE PRODUCT,120217951791930719,45.06,2827,141,4.987619,0.319574,2023-07-27,2025-03-18,,43.257600000000004,4.987619384506544,0
10 MARCH - Elegant Evening Dress with Floral Charm - SINGLE PRODUCT - RELAUNCH 3,120217967976910719,30.39,3574,155,4.336877,0.196065,2023-07-27,2025-03-18,,29.1744,4.336877448237269,0
11 MARCH - Pebbled Leather Keylock Handbag - 1.58 - SINGLE PRODUCT - RELAUNCH,120217968745320719,30.03,2066,83,4.017425,0.361807,2023-07-27,2025-03-18,,28.8288,4.017424975798645,0
11 MARCH - Outdoor Suede Shoes - 1.57 - SINGLE PRODUCT - RELAUNCH,120217968745330719,33.84,2355,75,3.184713,0.4512,2023-07-27,2025-03-18,"[{'action_type': 'offsite_conversion.fb_pixel_purchase', 'value': '3.157506'}]",32.4864,3.1847133757961785,0
11 MARCH - Elegant Two-piece Pants and Cardigan Set - 1.56 - SINGLE PRODUCT - RELAUNCH 3,120217968745740719,28.24,1270,53,4.173228,0.53283,2023-07-27,2025-03-18,,27.1104,4.173228346456693,0
11 MARCH - Zip-up Cotton Bomber Jacket - 1.56 - SINGLE PRODUCT,120217980854240719,30.44,3011,71,2.358021,0.428732,2023-07-27,2025-03-18,,29.2224,2.3580205911657255,0
11 MARCH - Rectangle Pattern Knitted Pullover Sweater - 1.58 - SINGLE PRODUCT,120217980975780719,29.4,1197,88,7.351713,0.334091,2023-07-27,2025-03-18,,28.223999999999997,7.351712614870509,0
12 MARCH - Casual Pinstripe Trousers - 1.53 - SINGLE PRODUCT,120217981060560719,24.37,1169,28,2.39521,0.870357,2023-07-27,2025-03-18,,23.3952,2.3952095808383236,0
12 MARCH - 2-Way Woven Leather Tote Bag - 1.59 - SINGLE PRODUCT,120217981501510719,42.42,3350,102,3.044776,0.415882,2023-07-27,2025-03-18,"[{'action_type': 'offsite_conversion.fb_pixel_purchase', 'value': '1.486327'}]",40.7232,3.044776119402985,0
12 MARCH - Elegant Ruffled Long Dress - 1.58 - SINGLE PRODUCT,120217981671020719,38.72,3633,154,4.238921,0.251429,2023-07-27,2025-03-18,,37.1712,4.238921001926782,0
12 MARCH - Classic Lace Blazer - 1.59 - SINGLE PRODUCT,120217982092700719,24.25,1298,47,3.620955,0.515957,2023-07-27,2025-03-18,,23.279999999999998,3.62095531587057,0
12 MARCH - Orthopedic Shoes for Men - 1.46 - SINGLE PRODUCT,120217982282160719,23.32,4510,27,0.59867,0.863704,2023-07-27,2025-03-18,,22.3872,0.598669623059867,0
12 MARCH - Premium Elegant Wrap Dress - 1.36 - SINGLE PRODUCT - RELAUNCH,120218039259560719,21.87,1673,71,4.243873,0.308028,2023-07-27,2025-03-18,,20.9952,4.243873281530186,0
13 MARCH - Lightweight Casual Pants - 1.46 - SINGLE PRODUCT,120218039860480719,24.51,1188,38,3.198653,0.645,2023-07-27,2025-03-18,,23.529600000000002,3.1986531986531985,0
13 MARCH - Elegant Patterned Pants - 1.58 - SINGLE PRODUCT,120218040150120719,24.65,1930,22,1.139896,1.120455,2023-07-27,2025-03-18,"[{'action_type': 'offsite_conversion.fb_pixel_purchase', 'value': '2.110751'}]",23.663999999999998,1.1398963730569949,0
17 MARCH - C34 ADS Collection (March 06) - COLLECTION - RELAUNCH,120218040316770719,246.54,17035,1282,7.525682,0.192309,2023-07-27,2025-03-18,"[{'action_type': 'offsite_conversion.fb_pixel_purchase', 'value': '1.345258'}]",236.67839999999998,7.525682418550043,0
13 MARCH - C35 ADS Collection (March 06) - COLLECTION,120218040476920719,53.76,6726,94,1.397562,0.571915,2023-07-27,2025-03-18,,51.60959999999999,1.3975617008623253,0
13 MARCH - Elegant Blazer with Pattern - 1.61 - SINGLE PRODUCT,120218040837340719,30.93,2403,75,3.121099,0.4124,2023-07-27,2025-03-18,,29.6928,3.1210986267166043,0
14 MARCH - Elegant 2 Piece Set - 1.57 - SINGLE PRODUCT - RELAUNCH,120218096423380719,21.88,1325,55,4.150943,0.397818,2023-07-27,2025-03-18,,21.0048,4.150943396226415,0
14 MARCH - Pebbled Leather Keylock Handbag - 1.58 - SINGLE PRODUCT - RELAUNCH,120218120740130719,85.84,6413,275,4.288165,0.312145,2023-07-27,2025-03-18,"[{'action_type': 'offsite_conversion.fb_pixel_purchase', 'value': '1.133155'}]",82.4064,4.288164665523156,0
17 MARCH - Outdoor Suede Shoes - 1.57 - SINGLE PRODUCT - RELAUNCH,120218121073640719,70.99,8673,219,2.525078,0.324155,2023-07-27,2025-03-18,"[{'action_type': 'offsite_conversion.fb_pixel_purchase', 'value': '1.510917'}]",68.15039999999999,2.525077827741266,0
14 MARCH - Orthopedic Shoes for Men - 1.46 - SINGLE PRODUCT - RELAUNCH,120218121233350719,21.32,5519,44,0.797246,0.484545,2023-07-27,2025-03-18,,20.4672,0.7972458778764269,0
17 MARCH - C36 ADS Collection (March 10) - COLLECTION - RELAUNCH,120218124364370719,247.13,21195,2242,10.577967,0.110227,2023-07-27,2025-03-18,"[{'action_type': 'offsite_conversion.fb_pixel_purchase', 'value': '0.314814'}]",237.2448,10.57796650153338,0
14 MARCH - Elegant Strapless Peplum Top - 1.52 - SINGLE PRODUCT,120218124524010719,22.61,887,21,2.367531,1.076667,2023-07-27,2025-03-18,,21.705599999999997,2.367531003382187,0
17 MARCH - Elegant Satin Long Sleeve Suit - 1.60 - SINGLE PRODUCT - RELAUNCH,120218124614120719,128.49,17330,1352,7.8015,0.095037,2023-07-27,2025-03-18,"[{'action_type': 'offsite_conversion.fb_pixel_purchase', 'value': '0.403611'}]",123.35040000000001,7.801500288517023,0
14 MARCH - Light and Comfortable Basket Shoes  - 1.57 - SINGLE PRODUCT,120218124776350719,22.45,2720,49,1.801471,0.458163,2023-07-27,2025-03-18,,21.552,1.801470588235294,0
14 MARCH - Elegant Tassel Dress - 1.55 - SINGLE PRODUCT,120218125239640719,22.62,1422,28,1.969058,0.807857,2023-07-27,2025-03-18,"[{'action_type': 'offsite_conversion.fb_pixel_purchase', 'value': '10.704244'}]",21.7152,1.969057665260197,0
15 MARCH - C37 ADS Collection (March 10) - COLLECTION,120218161042160719,41.86,2205,32,1.451247,1.308125,2023-07-27,2025-03-18,,40.1856,1.4512471655328798,0
15 MARCH - Elegant V-neck High-waisted Long Dress - 1.54 - SINGLE PRODUCT,120218163863280719,123.45,9839,621,6.311617,0.198792,2023-07-27,2025-03-18,,118.512,6.311617034251449,0
17 MARCH - Deep V-neck dress - 1.47 - SINGLE PRODUCT - RELAUNCH,120218164131850719,104.51,7537,467,6.196099,0.22379,2023-07-27,2025-03-18,,100.3296,6.196099243730927,0
15 MARCH - Elegant Floral Long Dress - 1.50 - SINGLE PRODUCT,120218164207210719,71.98,6312,477,7.557034,0.150901,2023-07-27,2025-03-18,"[{'action_type': 'offsite_conversion.fb_pixel_purchase', 'value': '0.646985'}]",69.1008,7.557034220532318,0
15 MARCH - Evening Bliss Hooded Sweater - 1.48 - SINGLE PRODUCT,120218164288220719,20.75,1207,18,1.491301,1.152778,2023-07-27,2025-03-18,,19.919999999999998,1.4913007456503728,0
15 MARCH - Elegant Tube Jumpsuit - 1.52 - SINGLE PRODUCT,120218164400250719,20.44,1194,47,3.936348,0.434894,2023-07-27,2025-03-18,,19.6224,3.936348408710218,0
16 MARCH - Classic Stitched Leather Orthopedic Shoe - 1.60 - SINGLE PRODUCT,120218194707060719,74.63,5541,270,4.872767,0.276407,2023-07-27,2025-03-18,,71.64479999999999,4.8727666486193835,0
16 MARCH - Winter Trench Coat - 1.79 - SINGLE PRODUCT,120218194819180719,81.94,3562,234,6.569343,0.350171,2023-07-27,2025-03-18,"[{'action_type': 'offsite_conversion.fb_pixel_purchase', 'value': '2.248597'}]",78.66239999999999,6.569343065693431,0
16 MARCH - Pullover Hooded Sweater - 0.00 - SINGLE PRODUCT,120218194959920719,24.2,2956,43,1.454668,0.562791,2023-07-27,2025-03-18,,23.232,1.4546684709066307,0
16 MARCH - Striped Pants - 1.45 - SINGLE PRODUCT,120218195075000719,78.98,3977,262,6.58788,0.30145,2023-07-27,2025-03-18,"[{'action_type': 'offsite_conversion.fb_pixel_purchase', 'value': '0.589643'}]",75.8208,6.587880311792809,0
16 MARCH - Casual T-Shirt with V-Neck - 1.46 - SINGLE PRODUCT,120218195231330719,24.83,1449,44,3.036577,0.564318,2023-07-27,2025-03-18,,23.836799999999997,3.036576949620428,0
17 MARCH - Waterproof Leather Shoes - 1.58 - SINGLE PRODUCT - RELAUNCH,120218215479180719,30.24,2247,72,3.204272,0.42,2023-07-27,2025-03-18,,29.030399999999997,3.204272363150868,0
17 MARCH - Statement Oversized Hoodie - 1.47 - SINGLE PRODUCT,120218215655180719,24.1,1984,40,2.016129,0.6025,2023-07-27,2025-03-18,,23.136,2.0161290322580645,0
