order_id,order_number,created_at,line_item_id,product_id,variant_id,sku,title,variant_title,quantity,price,total_discount,grams,fulfillment_status
5940763885656,1204,2025-03-17T07:18:14-04:00,14211873407064,8305754013784.0,42712234393688.0,PN854-Black-42,Waterproof Leather Shoes,Black / 42,1,54.95,0.0,0,
5940749959256,1203,2025-03-17T06:49:15-04:00,14211848011864,8286008442968.0,42658617688152.0,PN711-Red-M,Elegant Evening Dress with Floral Charm,Red / M,1,44.95,0.0,0,
5940749959256,1203,2025-03-17T06:49:15-04:00,14211848044632,8286008442968.0,42658617884760.0,PN711-Blue-M,Elegant Evening Dress with Floral Charm,Blue / M,1,44.95,0.0,0,
5940741111896,1202,2025-03-17T06:28:28-04:00,14211832578136,8273779884120.0,42635148427352.0,PN638-Green Military-S,Winter Trench Coat,Green / S,1,84.95,0.0,0,
5940695695448,1201,2025-03-17T05:18:35-04:00,14211760586840,8306769526872.0,42715184726104.0,PN862-Brown,2-Way Woven Leather Tote Bag,Brown,1,64.95,0.0,0,
5940695695448,1201,2025-03-17T05:18:35-04:00,14211760619608,8306769526872.0,42715184857176.0,PN862-Red,2-Way Woven Leather Tote Bag,Red,1,64.95,0.0,0,
5940695695448,1201,2025-03-17T05:18:35-04:00,14211760652376,8280271061080.0,42646584787032.0,PN671-Beige,Distressed Leather Hobo Bag,Beige,1,39.95,0.0,0,
5940695695448,1201,2025-03-17T05:18:35-04:00,14211760685144,8280271061080.0,42646584852568.0,PN671-Red,Distressed Leather Hobo Bag,Red,1,39.95,0.0,0,
5940695695448,1201,2025-03-17T05:18:35-04:00,14211760717912,8304783294552.0,42708582629464.0,PN847-Black,Pebbled Leather Keylock Handbag,Black,1,119.95,0.0,0,
5940695695448,1201,2025-03-17T05:18:35-04:00,14211760750680,8304783294552.0,42708582662232.0,PN847-Beige,Pebbled Leather Keylock Handbag,Pink,1,119.95,0.0,0,
5940695695448,1201,2025-03-17T05:18:35-04:00,14211760783448,8304783294552.0,42708582596696.0,PN847-Brown,Pebbled Leather Keylock Handbag,Brown,1,119.95,0.0,0,
5940694941784,1200,2025-03-17T05:16:48-04:00,14211759374424,8305754112088.0,42712235835480.0,PN855-Black-45,Outdoor Suede Shoes,Black / 45,1,54.95,0.0,0,
5940694941784,1200,2025-03-17T05:16:48-04:00,14211759407192,8305754112088.0,42712236425304.0,PN855-Brown-45,Outdoor Suede Shoes,Brown / 45,1,54.95,0.0,0,
5940680949848,1199,2025-03-17T04:58:57-04:00,14211739353176,8309936291928.0,42723890135128.0,PN898-Light Green-S,Elegant Silhouette Dress,Light Green / S,1,44.95,0.0,0,
5940670791768,1198,2025-03-17T04:32:22-04:00,14211722575960,8305754112088.0,42712236163160.0,PN855-Beige-46,Outdoor Suede Shoes,Beige / 46,1,54.95,0.0,0,
5939862372440,1197,2025-03-16T12:11:16-04:00,14210070282328,8286008442968.0,42658618179672.0,PN711-Gray-2XL,Elegant Evening Dress with Floral Charm,Gray / 2XL,1,44.95,0.0,0,
5939784712280,1196,2025-03-16T10:50:14-04:00,14209910538328,8311845814360.0,42731881529432.0,PN918-Blue-XL,Striped Pants,Blue / XL,1,39.95,0.0,0,
5939758366808,1195,2025-03-16T10:20:16-04:00,14209859551320,8273779884120.0,42635148623960.0,PN638-Orange-S,Winter Trench Coat,Brown / S,1,84.95,0.0,0,
5939637092440,1194,2025-03-16T07:07:56-04:00,14209632895064,8311845191768.0,42731876319320.0,PN914-M,Elegant Floral Long Dress,M,1,44.95,0.0,0,
5939533774936,1193,2025-03-16T03:51:15-04:00,14209465352280,8311845814360.0,42731881463896.0,PN918-Blue-M,Striped Pants,Blue / M,1,39.95,0.0,0,
5939523092568,1192,2025-03-16T03:25:28-04:00,14209444544600,8305754013784.0,42712234688600.0,PN854-Beige-40,Waterproof Leather Shoes,Beige / 40,1,54.95,0.0,0,
5938551259224,1191,2025-03-15T08:24:33-04:00,14207482396760,8311845027928.0,42731874975832.0,PN912-Blue-L,Elegant V-neck High-waisted Long Dress,Blue / L,1,44.95,8.99,0,
5938551259224,1191,2025-03-15T08:24:33-04:00,14207482429528,8311845191768.0,42731876352088.0,PN914-L,Elegant Floral Long Dress,L,1,44.95,8.99,0,
5938551259224,1191,2025-03-15T08:24:33-04:00,14207482462296,8312446779480.0,42734261043288.0,PN943-Light pink - white print-M,Statement Oversized Hoodie,Light pink - white print / M,1,39.95,7.99,0,
5938477039704,1190,2025-03-15T05:42:58-04:00,14207364759640,8295526498392.0,42688245170264.0,PN784-Blue-XL,Classic Corduroy Blazer,Blue / XL,1,49.95,0.0,0,
5938442764376,1189,2025-03-15T04:55:41-04:00,14207314722904,8311845191768.0,42731876319320.0,PN914-M,Elegant Floral Long Dress,M,1,44.95,0.0,0,
5938442764376,1189,2025-03-15T04:55:41-04:00,14207316000856,8309936291928.0,42723890659416.0,PN898-Light Pink-M,Elegant Silhouette Dress,Light Pink / M,1,44.95,8.99,0,
5938425659480,1188,2025-03-15T04:05:01-04:00,14207288246360,8311845126232.0,42731875696728.0,PN913-Blue-L,Deep V-neck dress,Blue / L,1,44.95,0.0,0,
5937988894808,1187,2025-03-14T17:31:36-04:00,14206426349656,8251676557400.0,42557035380824.0,PN500-Brown-L,Elegant and Comfortable Dress,Brown / L,1,49.95,4.99,0,
5937988894808,1187,2025-03-14T17:31:36-04:00,14206426382424,8309937111128.0,42723895017560.0,PN905-Blue-L,Short Sleeve Wrap Dress,Blue / L,1,44.95,4.49,0,
5937838030936,1186,2025-03-14T15:02:39-04:00,14206118658136,8286008213592.0,42658614214744.0,PN706-2XL,Elegant Floral Dress,2XL,1,44.95,0.0,0,
5937529454680,1185,2025-03-14T10:15:49-04:00,14205457498200,8286008279128.0,42658615132248.0,PN707-Violet-XL,Premium Elegant Wrap Dress,Violet / XL,2,39.95,23.96,0,
5937529454680,1185,2025-03-14T10:15:49-04:00,14205457530968,8306769526872.0,42715184791640.0,PN862-Green,2-Way Woven Leather Tote Bag,Green,2,64.95,38.96,0,
5937529454680,1185,2025-03-14T10:15:49-04:00,14205457563736,8309935374424.0,42723881353304.0,PN890-Brown-XL,Elegant Tassel Dress,Brown / XL,2,54.95,32.96,0,
5937495343192,1184,2025-03-14T09:35:38-04:00,14205387079768,8286008311896.0,42658615689304.0,PN708-Blue-L,Organic Summer Dress,Blue / L,1,44.95,0.0,0,
5937495146584,1183,2025-03-14T09:35:26-04:00,14205386653784,8251673935960.0,42557008642136.0,PN249-Black-L,Elegant Cable Knit Sweater,Black / L,1,39.95,3.99,0,
5937495146584,1183,2025-03-14T09:35:26-04:00,14205386686552,8299368808536.0,42697574449240.0,PN817-Red-L,Color Block Hooded Sweater,Red / L,1,39.95,3.99,0,
5937465950296,1182,2025-03-14T08:57:24-04:00,14205327474776,8297515090008.0,42693653102680.0,PN803-Light Blue-M,Elegant Casual Shirt,Light Blue / M,1,49.95,0.0,0,
5937465950296,1182,2025-03-14T08:57:24-04:00,14205327507544,8297515090008.0,42693652840536.0,PN803-Blue-M,Elegant Casual Shirt,Blue / M,1,49.95,0.0,0,
5937465950296,1182,2025-03-14T08:57:24-04:00,14205328130136,8272058056792.0,42636432310360.0,PN389-Blue-M,Men's Cashmere Sweater,Blue / M,1,39.95,7.99,0,
5937461428312,1181,2025-03-14T08:50:18-04:00,14205317316696,8286008279128.0,42658614804568.0,PN707-Red and Blue-XL,Premium Elegant Wrap Dress,Red and Blue / XL,1,39.95,7.99,0,
5937461428312,1181,2025-03-14T08:50:18-04:00,14205317349464,8286008606808.0,42658620702808.0,PN714-Green-L,Formal High Quality Midi Dress,Green / L,1,44.95,8.99,0,
5937461428312,1181,2025-03-14T08:50:18-04:00,14205317382232,8309937111128.0,42723895410776.0,PN905-Red-L,Short Sleeve Wrap Dress,Red / L,1,44.95,8.99,0,
5937331044440,1180,2025-03-14T05:06:05-04:00,14205098491992,8286008410200.0,42658617000024.0,PN710-Pink-S,Elegant Asymmetrical Dress,Pink / S,1,39.95,3.99,0,
5937331044440,1180,2025-03-14T05:06:05-04:00,14205098524760,8308048789592.0,42718535942232.0,PN875-Gray-S,Short Silk Wrap Dress,Gray / S,1,44.95,4.49,0,
5937271013464,1179,2025-03-14T02:22:41-04:00,14205000220760,8305754112088.0,42712236425304.0,PN855-Brown-45,Outdoor Suede Shoes,Brown / 45,1,54.95,0.0,0,
5936466853976,1178,2025-03-13T11:32:34-04:00,14203435876440,8309937111128.0,42723894952024.0,PN905-Blue-S,Short Sleeve Wrap Dress,Blue / S,1,44.95,4.49,0,
5936466853976,1178,2025-03-13T11:32:34-04:00,14203435909208,8286008213592.0,42658614083672.0,PN706-S,Elegant Floral Dress,S,1,44.95,4.49,0,
5936388145240,1177,2025-03-13T10:08:34-04:00,14203278950488,8286008442968.0,42658618048600.0,PN711-Gray-S,Elegant Evening Dress with Floral Charm,Gray / S,1,44.95,0.0,0,fulfilled
5936366288984,1176,2025-03-13T09:41:44-04:00,14203232551000,8286008442968.0,42658618114136.0,PN711-Gray-L,Elegant Evening Dress with Floral Charm,Gray / L,1,44.95,0.0,0,
5936366288984,1176,2025-03-13T09:41:44-04:00,14203235041368,8286008279128.0,42658614607960.0,PN707-Pink and Green-L,Premium Elegant Wrap Dress,Pink and Green / L,1,39.95,7.99,0,
5936240296024,1175,2025-03-13T05:47:41-04:00,14202997538904,8308047839320.0,42718525522008.0,PN867-Brown-31,Elegant Patterned Pants,Brown / 31,1,44.95,0.0,0,
5936205791320,1174,2025-03-13T04:58:30-04:00,14202946781272,8286008442968.0,42658618114136.0,PN711-Gray-L,Elegant Evening Dress with Floral Charm,Gray / L,1,44.95,0.0,0,
5936183410776,1173,2025-03-13T04:06:04-04:00,14202908377176,8295527120984.0,42688246710360.0,PN785-Gray-L,Elegant Classy Long Dress,Gray / L,1,44.95,0.0,0,fulfilled
5936170008664,1172,2025-03-13T03:30:35-04:00,14202886389848,8286008442968.0,42658618114136.0,PN711-Gray-L,Elegant Evening Dress with Floral Charm,Gray / L,1,44.95,0.0,0,
5936148643928,1171,2025-03-13T02:39:12-04:00,14202847920216,8286008442968.0,42658617753688.0,PN711-Red-XL,Elegant Evening Dress with Floral Charm,Red / XL,1,44.95,0.0,0,fulfilled
5935301263448,1170,2025-03-12T10:08:45-04:00,14201151029336,8306769526872.0,42715184824408.0,PN862-Dark Green,2-Way Woven Leather Tote Bag,Dark Green,1,54.95,0.0,0,
5935301263448,1170,2025-03-12T10:08:45-04:00,14201151324248,8259690627160.0,42578769674328.0,PN592-Red,Woven Leather Hobo Bag,Red,1,64.95,12.99,0,
5935273607256,1169,2025-03-12T09:31:59-04:00,14201094766680,8286008442968.0,42658617688152.0,PN711-Red-M,Elegant Evening Dress with Floral Charm,Red / M,1,44.95,0.0,0,fulfilled
5935266562136,1168,2025-03-12T09:21:31-04:00,14201080676440,8306769789016.0,42715185021016.0,PN863-Green-2XL,Elegant Ruffled Long Dress,Green / 2XL,1,49.95,0.0,0,fulfilled
5935266562136,1168,2025-03-12T09:21:31-04:00,14201081266264,8295527120984.0,42688246022232.0,PN785-Black-3XL,Elegant Classy Long Dress,Black / 3XL,1,44.95,8.99,0,fulfilled
5935213936728,1167,2025-03-12T07:52:52-04:00,14200968314968,8306768150616.0,42715181023320.0,PN858-Blue-S,Glamorous Satin Halter Dress,Blue / S,1,44.95,0.0,0,fulfilled
5935211249752,1166,2025-03-12T07:47:27-04:00,14200963367000,8305754112088.0,42712236097624.0,PN855-Beige-44,Outdoor Suede Shoes,Beige / 44,1,54.95,0.0,0,fulfilled
5935211249752,1166,2025-03-12T07:47:27-04:00,14200963399768,8305754112088.0,42712236720216.0,PN855-Green-44,Outdoor Suede Shoes,Green / 44,1,54.95,0.0,0,fulfilled
5935103213656,1165,2025-03-12T04:06:23-04:00,14200775114840,8305754112088.0,42712236130392.0,PN855-Beige-45,Outdoor Suede Shoes,Beige / 45,1,54.95,0.0,0,fulfilled
5934628110424,1164,2025-03-11T16:44:34-04:00,14199859642456,8256919896152.0,42571288445016.0,PN579-Black-42,Walking Leather Shoes,Black / 42,1,59.95,0.0,0,fulfilled
5934018592856,1163,2025-03-11T08:06:25-04:00,14198572056664,8285230760024.0,42657287929944.0,PN701-Gray-41,Breathable Lightweight Casual Lace-up Shoes,Gray / 41,1,54.95,0.0,0,fulfilled
5934012465240,1162,2025-03-11T07:54:01-04:00,14198561079384,8286008442968.0,42658617655384.0,PN711-Red-S,Elegant Evening Dress with Floral Charm,Red / S,1,44.95,0.0,0,fulfilled
5933976780888,1161,2025-03-11T06:39:13-04:00,14198500950104,8286008442968.0,42658617753688.0,PN711-Red-XL,Elegant Evening Dress with Floral Charm,Red / XL,1,44.95,0.0,0,fulfilled
5933976780888,1161,2025-03-11T06:39:13-04:00,14198501146712,8251684356184.0,42557108650072.0,PN552-Red-XL,Elegant Full Zip Cardigan,Red / XL,1,49.95,9.99,0,
5933923401816,1160,2025-03-11T05:13:52-04:00,14198415982680,8305754112088.0,42712236327000.0,PN855-Brown-42,Outdoor Suede Shoes,Brown / 42,1,54.95,0.0,0,fulfilled
5933923401816,1160,2025-03-11T05:13:52-04:00,14198416015448,8305754112088.0,42712235737176.0,PN855-Black-42,Outdoor Suede Shoes,Black / 42,1,54.95,0.0,0,fulfilled
5933921108056,1159,2025-03-11T05:07:08-04:00,14198412574808,8295527612504.0,42688248971352.0,PN787-Brown-40,Casual Supreme Sneakers,Brown / 40,1,44.95,0.0,0,fulfilled
5933462093912,1158,2025-03-10T17:32:42-04:00,14197502050392,8286008442968.0,42658617688152.0,PN711-Red-M,Elegant Evening Dress with Floral Charm,Red / M,1,44.95,0.0,0,fulfilled
5933187530840,1157,2025-03-10T12:44:59-04:00,14196916584536,8251515043928.0,42666070736984.0,,Handmade Italian Leather Jacket,White / S,1,69.95,0.0,0,fulfilled
5933147160664,1156,2025-03-10T12:06:43-04:00,14196829028440,8299368841304.0,42697575039064.0,PN818-White-L,Elegant and Refined Ruffled Shirt,White / L,1,34.95,0.0,0,fulfilled
5933147160664,1156,2025-03-10T12:06:43-04:00,14196829061208,8299368841304.0,42697575202904.0,PN818-Navy blue-L,Elegant and Refined Ruffled Shirt,Navy blue / L,1,34.95,0.0,0,fulfilled
5933084278872,1155,2025-03-10T11:08:22-04:00,14196697497688,8286008442968.0,42658617655384.0,PN711-Red-S,Elegant Evening Dress with Floral Charm,Red / S,1,44.95,0.0,0,fulfilled
5933084278872,1155,2025-03-10T11:08:22-04:00,14196704575576,8305668128856.0,42712049909848.0,PN194-S,Elegant Button-down Woolen Jacket,Brown / S,1,59.95,11.99,0,fulfilled
5932947275864,1154,2025-03-10T07:42:53-04:00,14196439580760,8286008442968.0,42658618114136.0,PN711-Gray-L,Elegant Evening Dress with Floral Charm,Gray / L,1,44.95,0.0,0,fulfilled
5932907626584,1153,2025-03-10T06:25:19-04:00,14196373192792,8305754112088.0,42712235802712.0,PN855-Black-44,Outdoor Suede Shoes,Black / 44,1,44.95,0.0,0,fulfilled
5932907626584,1153,2025-03-10T06:25:19-04:00,14196373225560,8305754112088.0,42712236720216.0,PN855-Green-44,Outdoor Suede Shoes,Green / 44,1,44.95,0.0,0,fulfilled
5932830752856,1152,2025-03-10T04:05:31-04:00,14196247330904,8286008279128.0,42658615033944.0,PN707-Violet-S,Premium Elegant Wrap Dress,Violet / S,1,39.95,3.99,0,fulfilled
5932830752856,1152,2025-03-10T04:05:31-04:00,14196247363672,8286008442968.0,42658617655384.0,PN711-Red-S,Elegant Evening Dress with Floral Charm,Red / S,1,44.95,4.49,0,fulfilled
5932457689176,1151,2025-03-09T18:56:05-04:00,14195498811480,8286008442968.0,42658617753688.0,PN711-Red-XL,Elegant Evening Dress with Floral Charm,Red / XL,1,44.95,0.0,0,fulfilled
5932365414488,1150,2025-03-09T17:08:05-04:00,14195311870040,8286008213592.0,42658614149208.0,PN706-L,Elegant Floral Dress,L,1,44.95,0.0,0,fulfilled
5932365414488,1150,2025-03-09T17:08:05-04:00,14195316031576,8286008279128.0,42658614607960.0,PN707-Pink and Green-L,Premium Elegant Wrap Dress,Pink and Green / L,1,39.95,7.99,0,fulfilled
5932190957656,1149,2025-03-09T14:10:58-04:00,14194945884248,8286008442968.0,42658617884760.0,PN711-Blue-M,Elegant Evening Dress with Floral Charm,Blue / M,1,44.95,0.0,0,fulfilled
5932151341144,1148,2025-03-09T13:32:30-04:00,14194857246808,8286008213592.0,42658614149208.0,PN706-L,Elegant Floral Dress,L,1,44.95,0.0,0,fulfilled
5932004507736,1147,2025-03-09T10:52:44-04:00,14194551193688,8286008442968.0,42658617688152.0,PN711-Red-M,Elegant Evening Dress with Floral Charm,Red / M,1,44.95,0.0,0,fulfilled
5931993890904,1146,2025-03-09T10:39:51-04:00,14194529992792,8286008442968.0,42658617688152.0,PN711-Red-M,Elegant Evening Dress with Floral Charm,Red / M,1,44.95,0.0,0,fulfilled
5931960959064,1145,2025-03-09T09:56:53-04:00,14194464817240,8284193423448.0,42655223513176.0,PN683-Blue-L,Plain Knitted Sweater,Blue / L,1,39.95,0.0,0,fulfilled
5931960959064,1145,2025-03-09T09:56:53-04:00,14194464850008,8284193423448.0,42655224561752.0,PN683-Green-L,Plain Knitted Sweater,Green / L,1,39.95,0.0,0,fulfilled
5931945295960,1144,2025-03-09T09:28:33-04:00,14194435686488,8304783294552.0,42708582596696.0,PN847-Brown,Pebbled Leather Keylock Handbag,Brown,1,104.95,0.0,0,fulfilled
5931945295960,1144,2025-03-09T09:28:33-04:00,14194437193816,8259690627160.0,42578769772632.0,PN592-Dark Gray,Woven Leather Hobo Bag,Dark Gray,1,64.95,12.99,0,fulfilled
5931920883800,1143,2025-03-09T08:43:44-04:00,14194388172888,8286008442968.0,42658617720920.0,PN711-Red-L,Elegant Evening Dress with Floral Charm,Red / L,1,44.95,0.0,0,fulfilled
5931886936152,1142,2025-03-09T07:34:41-04:00,14194330730584,8302114340952.0,42703556051032.0,PN826-Brown-S,Elegant Two-piece Pants and Cardigan Set,Brown / S,1,49.95,0.0,0,fulfilled
5931879104600,1141,2025-03-09T07:15:33-04:00,14194317459544,8285230661720.0,42657286357080.0,PN700-Pink-XL,Elegant Heart Button Cardigan,Pink / One size,1,49.95,0.0,0,fulfilled
5931879104600,1141,2025-03-09T07:15:33-04:00,14194318573656,8302114340952.0,42703556051032.0,PN826-Brown-S,Elegant Two-piece Pants and Cardigan Set,Brown / S,1,49.95,9.99,0,fulfilled
5931846697048,1140,2025-03-09T05:59:33-04:00,14194265325656,8286008442968.0,42658617655384.0,PN711-Red-S,Elegant Evening Dress with Floral Charm,Red / S,1,44.95,0.0,0,fulfilled
5931801346136,1139,2025-03-09T04:33:01-04:00,14194194776152,8286008442968.0,42658617688152.0,PN711-Red-M,Elegant Evening Dress with Floral Charm,Red / M,1,44.95,0.0,0,
5931801346136,1139,2025-03-09T04:33:01-04:00,14194194874456,8286008344664.0,42658616180824.0,PN709-Black-M,Long Sleeved Lace Maxi Dress,Black / M,1,54.95,10.99,0,
5931265425496,1138,2025-03-08T15:51:14-05:00,14193150591064,8295224639576.0,42687674613848.0,PN387-Black-L,Classic Leather Jacket,Black / L,1,74.95,0.0,0,fulfilled
5931152146520,1137,2025-03-08T14:06:48-05:00,14192915251288,8293152915544.0,42677743157336.0,PN750-L,Vibrant Flower Print Vintage Boho Pants,L,1,44.95,8.99,0,fulfilled
5931152146520,1137,2025-03-08T14:06:48-05:00,14192915284056,8286008442968.0,42658617688152.0,PN711-Red-M,Elegant Evening Dress with Floral Charm,Red / M,1,44.95,8.99,0,fulfilled
5931152146520,1137,2025-03-08T14:06:48-05:00,14192915316824,8251684356184.0,42557108944984.0,PN552-Blue night-L,Elegant Full Zip Cardigan,Dark Grey / L,1,49.9,9.98,0,fulfilled
5930883383384,1136,2025-03-08T10:00:00-05:00,14192375136344,8286008442968.0,42658617655384.0,PN711-Red-S,Elegant Evening Dress with Floral Charm,Red / S,1,44.95,0.0,0,fulfilled
5930764238936,1135,2025-03-08T07:07:00-05:00,14192142352472,8259690627160.0,42578769739864.0,PN592-Black,Woven Leather Hobo Bag,Black,1,64.95,12.99,0,fulfilled
5930764238936,1135,2025-03-08T07:07:00-05:00,14192142385240,8286008213592.0,42658614116440.0,PN706-M,Elegant Floral Dress,M,1,44.95,8.99,0,fulfilled
5930764238936,1135,2025-03-08T07:07:00-05:00,14192142418008,8273779818584.0,42635146756184.0,PN636-Beige-M,Premium Down Jacket,Beige / M,1,109.95,21.99,0,fulfilled
5930665115736,1134,2025-03-08T03:45:59-05:00,14191993684056,8286008213592.0,42658614083672.0,PN706-S,Elegant Floral Dress,S,1,44.95,0.0,0,fulfilled
5930642112600,1133,2025-03-08T02:51:39-05:00,14191956590680,8286008442968.0,42658617884760.0,PN711-Blue-M,Elegant Evening Dress with Floral Charm,Blue / M,1,44.95,0.0,0,fulfilled
5930631888984,1132,2025-03-08T02:25:23-05:00,14191937454168,8286008442968.0,42658617655384.0,PN711-Red-S,Elegant Evening Dress with Floral Charm,Red / S,1,44.95,0.0,0,fulfilled
5930618290264,1131,2025-03-08T01:53:05-05:00,14191915171928,8286008442968.0,42658617655384.0,PN711-Red-S,Elegant Evening Dress with Floral Charm,Red / S,1,44.95,0.0,0,fulfilled
5930216521816,1130,2025-03-07T16:57:38-05:00,14191127527512,8286008442968.0,42658618048600.0,PN711-Gray-S,Elegant Evening Dress with Floral Charm,Gray / S,1,44.95,0.0,0,fulfilled
5930216521816,1130,2025-03-07T16:57:38-05:00,14191127560280,8286008442968.0,42658617851992.0,PN711-Blue-S,Elegant Evening Dress with Floral Charm,Blue / S,1,44.95,0.0,0,fulfilled
5930216521816,1130,2025-03-07T16:57:38-05:00,14191127593048,8286008442968.0,42658617655384.0,PN711-Red-S,Elegant Evening Dress with Floral Charm,Red / S,1,44.95,0.0,0,fulfilled
5930151936088,1129,2025-03-07T15:53:30-05:00,14190997209176,8286008442968.0,42658617688152.0,PN711-Red-M,Elegant Evening Dress with Floral Charm,Red / M,1,44.95,0.0,0,fulfilled
5929545793624,1128,2025-03-07T03:54:40-05:00,14189833519192,8251677081688.0,42557039607896.0,PN503-L,Cheerful Colorful Turtleneck,L,1,44.95,0.0,0,fulfilled
5929530916952,1127,2025-03-07T03:16:49-05:00,14189805273176,8286008213592.0,42658614181976.0,PN706-XL,Elegant Floral Dress,XL,1,44.95,0.0,0,fulfilled
5929100935256,1126,2025-03-06T17:25:27-05:00,14188980011096,8286008442968.0,42658617819224.0,PN711-Red-3XL,Elegant Evening Dress with Floral Charm,Red / 3XL,1,44.95,0.0,0,fulfilled
5929100935256,1126,2025-03-06T17:25:27-05:00,14188982599768,8286008213592.0,42658614247512.0,PN706-3XL,Elegant Floral Dress,3XL,1,44.95,8.99,0,fulfilled
5928740749400,1125,2025-03-06T14:05:05-05:00,14188150325336,8286008442968.0,42658617655384.0,PN711-Red-S,Elegant Evening Dress with Floral Charm,Red / S,1,44.95,0.0,0,fulfilled
5928396718168,1124,2025-03-06T10:35:48-05:00,14187442143320,8286008344664.0,42658616311896.0,PN709-Beige-S,Long Sleeved Lace Maxi Dress,Beige / S,1,54.95,5.49,0,fulfilled
5928396718168,1124,2025-03-06T10:35:48-05:00,14187442176088,8295527120984.0,42688246251608.0,PN785-Blue-S,Elegant Classy Long Dress,Blue / S,1,44.95,0.0,0,fulfilled
5928396718168,1124,2025-03-06T10:35:48-05:00,14187442208856,8286008442968.0,42658617655384.0,PN711-Red-S,Elegant Evening Dress with Floral Charm,Red / S,1,44.95,4.49,0,fulfilled
5928271020120,1123,2025-03-06T08:37:03-05:00,14187194220632,8300263243864.0,42699637588056.0,PN824-Light Green with pattern-3XL,Loose-Fitted Ruffle Dress,Light Green with pattern / 3XL,1,44.95,0.0,0,fulfilled
5928234778712,1122,2025-03-06T07:37:07-05:00,14187128684632,8286008442968.0,42658617688152.0,PN711-Red-M,Elegant Evening Dress with Floral Charm,Red / M,1,44.95,0.0,0,fulfilled
5928234778712,1122,2025-03-06T07:37:07-05:00,14187128717400,8286008442968.0,42658617884760.0,PN711-Blue-M,Elegant Evening Dress with Floral Charm,Blue / M,1,44.95,0.0,0,fulfilled
5928156397656,1121,2025-03-06T05:05:28-05:00,14186993451096,8286008213592.0,42658614083672.0,PN706-S,Elegant Floral Dress,S,1,44.95,0.0,0,fulfilled
5928104132696,1120,2025-03-06T03:34:11-05:00,14186913202264,8286008442968.0,42658617917528.0,PN711-Blue-L,Elegant Evening Dress with Floral Charm,Blue / L,1,44.95,0.0,0,fulfilled
5928069922904,1119,2025-03-06T02:17:35-05:00,14186856284248,8302114340952.0,42703557197912.0,PN826-Blue-XL,Elegant Two-piece Pants and Cardigan Set,Blue / XL,1,49.95,0.0,0,fulfilled
5928061239384,1118,2025-03-06T01:59:34-05:00,14186842161240,8302114340952.0,42703556083800.0,PN826-Brown-M,Elegant Two-piece Pants and Cardigan Set,Brown / M,1,49.95,0.0,0,fulfilled
5927583744088,1117,2025-03-05T16:05:52-05:00,14185931440216,8286008442968.0,42658617688152.0,PN711-Red-M,Elegant Evening Dress with Floral Charm,Red / M,1,44.95,0.0,0,fulfilled
5927487733848,1116,2025-03-05T14:21:23-05:00,14185742106712,8299367891032.0,42697569861720.0,PN812-Green-S,Elegant Cable-Knit Sweater,Green / S,1,44.95,0.0,0,fulfilled
5927487733848,1116,2025-03-05T14:21:23-05:00,14185742139480,8305668128856.0,42712049909848.0,PN194-S,Elegant Button-down Woolen Jacket,Brown / S,1,59.95,0.0,0,fulfilled
5927487733848,1116,2025-03-05T14:21:23-05:00,14185742172248,8286008442968.0,42658617655384.0,PN711-Red-S,Elegant Evening Dress with Floral Charm,Red / S,1,44.95,0.0,0,fulfilled
5927238271064,1115,2025-03-05T10:17:39-05:00,14185241477208,8286008442968.0,42658618081368.0,PN711-Gray-M,Elegant Evening Dress with Floral Charm,Gray / M,1,44.95,0.0,0,fulfilled
5927184564312,1114,2025-03-05T09:19:27-05:00,14185138651224,8286008213592.0,42658614116440.0,PN706-M,Elegant Floral Dress,M,1,44.95,0.0,0,fulfilled
5926132285528,1113,2025-03-04T12:02:08-05:00,14183237025880,8262485803096.0,42584657657944.0,PN628-Dark Gray-S,Cozy Relaxation Set,Dark Gray / S,1,59.95,5.99,0,fulfilled
5926132285528,1113,2025-03-04T12:02:08-05:00,14183237058648,8286008442968.0,42658617851992.0,PN711-Blue-S,Elegant Evening Dress with Floral Charm,Blue / S,1,44.95,4.49,0,fulfilled
5925329535064,1112,2025-03-03T16:14:03-05:00,14181706137688,8293899927640.0,42680512675928.0,PN769-Dark Gray-L,Premium Warm Trench Coat,Dark Gray / L,1,54.95,0.0,0,fulfilled
5925246238808,1111,2025-03-03T14:39:14-05:00,14181522276440,8251683111000.0,42557094658136.0,PN545-Blue Marino-XL,Elite Polo,Blue / XL,1,49.95,0.0,0,fulfilled
5925246238808,1111,2025-03-03T14:39:14-05:00,14181522309208,8298277470296.0,42695479361624.0,PN810-Green-XL,Bi-color Classic Polo Shirt,Green / XL,1,44.95,0.0,0,fulfilled
5925246238808,1111,2025-03-03T14:39:14-05:00,14181522341976,8251673935960.0,42557008052312.0,PN249-Beige-S,Elegant Cable Knit Sweater,Beige / S,1,39.95,0.0,0,fulfilled
5925035671640,1110,2025-03-03T10:53:12-05:00,14181093212248,8286008442968.0,42658617688152.0,PN711-Red-M,Elegant Evening Dress with Floral Charm,Red / M,1,44.95,0.0,0,fulfilled
5924863967320,1109,2025-03-03T06:18:45-05:00,14180764876888,8286008442968.0,42658617753688.0,PN711-Red-XL,Elegant Evening Dress with Floral Charm,Red / XL,1,44.95,0.0,0,fulfilled
5924843716696,1108,2025-03-03T05:33:33-05:00,14180732305496,8299368841304.0,42697575432280.0,PN818-Light pink-2XL,Elegant and Refined Ruffled Shirt,Light pink / 2XL,1,34.95,0.0,0,fulfilled
5924751507544,1107,2025-03-03T02:18:29-05:00,14180574167128,8286008442968.0,42658618179672.0,PN711-Gray-2XL,Elegant Evening Dress with Floral Charm,Gray / 2XL,1,44.95,0.0,0,fulfilled
5924436443224,1106,2025-03-02T19:09:41-05:00,14179925786712,8251520221272.0,42556487368792.0,,Elegant Winter Wool Jacket,Black / 2XL,1,39.95,0.0,0,fulfilled
5924226465880,1105,2025-03-02T15:25:37-05:00,14179483222104,8284193226840.0,42655222857816.0,PN682-Blue-L,Retro Pine Tree Sweater,Blue / L,1,44.95,0.0,0,fulfilled
5924218208344,1104,2025-03-02T15:18:10-05:00,14179464642648,8281650200664.0,42649438715992.0,PN405-Black-L,Classic Fur-lined Leather Jacket,Black / L,1,74.95,0.0,0,fulfilled
5924209950808,1103,2025-03-02T15:08:49-05:00,14179447537752,8297511845976.0,42693645762648.0,PN794-Green-S,Men's Sweater with Diamond Design,Green / S,1,54.95,0.0,0,fulfilled
5923837476952,1102,2025-03-02T08:39:34-05:00,14178673360984,8251491844184.0,42556405809240.0,PN449-2XL,Leather Biker Jacket,2XL,1,59.95,0.0,0,fulfilled
5923776462936,1101,2025-03-02T06:31:53-05:00,14178560147544,8295527645272.0,42688249495640.0,PN788-Black-3XL,Full Zip-up Dress Jacket,Black / 3XL,1,64.95,0.0,0,fulfilled
5923776462936,1101,2025-03-02T06:31:53-05:00,14178560180312,8290384052312.0,42665672015960.0,PN726-4XL,Premium Wool Turtleneck Handcrafted Sweater,4XL,1,44.95,0.0,0,fulfilled
5923776462936,1101,2025-03-02T06:31:53-05:00,14178560213080,8284102819928.0,42655065538648.0,PN234-Black-39,Premium Leather Mid-calf Lace-up Boots,Black / 39,1,54.95,0.0,0,fulfilled
5923776462936,1101,2025-03-02T06:31:53-05:00,14178560245848,8284102819928.0,42655065833560.0,PN234-Brown-39,Premium Leather Mid-calf Lace-up Boots,Brown / 39,1,54.95,0.0,0,fulfilled
5923746119768,1100,2025-03-02T05:20:34-05:00,14178508963928,8259690201176.0,42578767773784.0,PN590-Pink-L,Short Button-down Wool Coat,Pink / L,1,49.95,0.0,0,fulfilled
5923740811352,1099,2025-03-02T05:06:33-05:00,14178499887192,8297511845976.0,42693645402200.0,PN794-Beige-2XL,Men's Sweater with Diamond Design,Beige / 2XL,1,54.95,5.49,0,fulfilled
5923740811352,1099,2025-03-02T05:06:33-05:00,14178499919960,8297513615448.0,42693649039448.0,PN798-Black-2XL,Men's Sweater with Diamond Pattern,Black / 2XL,1,49.95,4.99,0,fulfilled
5923684614232,1098,2025-03-02T03:28:23-05:00,14178414657624,8262484623448.0,42584643567704.0,PN614-Black,Leather Hobo Tote Bag,Black,1,44.95,0.0,0,fulfilled
5923630350424,1097,2025-03-02T01:20:53-05:00,14178317107288,8284362276952.0,42655456133208.0,PN688-Black-36.0,Comfortable Women's Leather Boots,Black / 36,1,49.95,0.0,0,fulfilled
5923114483800,1096,2025-03-01T14:25:44-05:00,14177271447640,8299367465048.0,42697567567960.0,PN811-Blue-L,Elegant Warm High Neck Sweater,Blue / L,1,44.95,0.0,0,fulfilled
5923089121368,1095,2025-03-01T14:00:52-05:00,14177213841496,8299368808536.0,42697574580312.0,PN817-Blue-S,Color Block Hooded Sweater,Blue / S,1,44.95,0.0,0,fulfilled
5922716418136,1094,2025-03-01T06:47:21-05:00,14176452935768,8261162238040.0,42582324346968.0,PN593-Multicolored-M,Retro Winter Sweater,Multicolored / M,1,44.95,0.0,0,fulfilled
5922608087128,1093,2025-03-01T03:06:38-05:00,14176278511704,8295525875800.0,42688241959000.0,PN782-Yellow-Blue-2XL,Trendy Blouse and Pants Set,Yellow-Blue / 2XL,1,44.95,0.0,0,fulfilled
5921492140120,1092,2025-02-28T02:49:16-05:00,14174102945880,8298277109848.0,42695477330008.0,PN806-Multicolor 1-M,Classic Floral Button-down Shirt,Multicolor 1 / M,1,44.95,0.0,0,fulfilled
5920508084312,1091,2025-02-27T06:43:27-05:00,14172032598104,8293896257624.0,42680458117208.0,PN765-Black,Urban Corduroy Shoulder Tote Bag,Black,1,44.95,0.0,0,fulfilled
5919407046744,1090,2025-02-26T07:10:36-05:00,14169788874840,8295527743576.0,42688250609752.0,PN791-L,Classic Suede Fleece-lined Jacket,L,1,59.95,0.0,0,fulfilled
5918349066328,1089,2025-02-25T06:24:54-05:00,14167715315800,8251679998040.0,42557064642648.0,PN520-Black-M,Warm Men's Puffer Jacket,Black / M,1,49.95,0.0,0,fulfilled
5918349066328,1089,2025-02-25T06:24:54-05:00,14167715348568,8251680915544.0,42557070508120.0,PN526-Dark brown-M,Winter Leather Jacket,M,1,49.95,0.0,0,fulfilled
5917669425240,1088,2025-02-24T14:24:45-05:00,14166322085976,8295224639576.0,42687674777688.0,PN387-Brown-L,Classic Leather Jacket,Brown / L,1,44.95,0.0,0,fulfilled
5917396500568,1087,2025-02-24T09:24:03-05:00,14165759557720,8295224639576.0,42687674679384.0,PN387-Black-2XL,Classic Leather Jacket,Black / 2XL,1,44.95,0.0,0,fulfilled
5914259095640,1086,2025-02-21T11:35:46-05:00,14159451324504,8293888950360.0,42680364957784.0,PN760-Pink-M,Casual Single Breasted Lapel Wool Coat,Pink / M,1,44.95,0.0,0,fulfilled
5913240371288,1085,2025-02-20T13:00:01-05:00,14157406044248,8284102819928.0,42655065538648.0,PN234-Black-39,Premium Leather Mid-calf Lace-up Boots,Black / 39,1,54.95,0.0,0,fulfilled
5913129091160,1084,2025-02-20T11:16:54-05:00,14157171654744,8284361818200.0,42655454691416.0,PN686-38,Black Leather Fur-lined Winter Boots,38,1,44.95,0.0,0,fulfilled
5913110544472,1083,2025-02-20T10:57:16-05:00,14157136232536,8284362014808.0,42655455019096.0,PN687-Black-36.0,Comfy Leather Boots,Black / 36,1,59.95,0.0,0,fulfilled
5913110544472,1083,2025-02-20T10:57:16-05:00,14157137215576,8284361818200.0,42655454625880.0,PN686-36,Black Leather Fur-lined Winter Boots,36,1,44.95,13.48,0,fulfilled
5913096618072,1082,2025-02-20T10:43:51-05:00,14157109133400,8251679440984.0,42557060710488.0,PN516-Blue-L,Waterproof Thermal Winter Jacket,Blue / L,1,49.95,0.0,0,fulfilled
5912840994904,1081,2025-02-20T04:13:57-05:00,14156628361304,8284362014808.0,42655455084632.0,PN687-Black-38.0,Comfy Leather Boots,Black / 38,1,59.95,0.0,0,fulfilled
5912807440472,1080,2025-02-20T02:46:39-05:00,14156570591320,8284020605016.0,42654917132376.0,PN237-Beige-37,Comfy Fleece-lined Snow Ankle Boots,Beige / 37,1,44.95,0.0,0,fulfilled
5912774574168,1079,2025-02-20T01:29:11-05:00,14156508430424,8280271192152.0,42646585245784.0,PN672-Black-44.0,Breathable Sport Shoes,Black / 44.0,1,44.95,0.0,0,fulfilled
5912774574168,1079,2025-02-20T01:29:11-05:00,14156508463192,8284025552984.0,42654937055320.0,PN190-Brown-39,Mid-calf Lace-up Boots,Brown / 39,1,49.95,0.0,0,fulfilled
5912370151512,1078,2025-02-19T16:53:44-05:00,14155644993624,8284025552984.0,42654936957016.0,PN190-Brown-36,Mid-calf Lace-up Boots,Brown / 36,1,49.95,0.0,0,fulfilled
5911824695384,1077,2025-02-19T06:17:56-05:00,14154530291800,8284102819928.0,42655065833560.0,PN234-Brown-39,Premium Leather Mid-calf Lace-up Boots,Brown / 39,1,54.95,0.0,0,fulfilled
5911764140120,1076,2025-02-19T04:14:16-05:00,14154438705240,8286008049752.0,42658612674648.0,PN704-Black-4XL,Elite Winter Clothing Set,Black / 4XL,1,79.95,0.0,0,fulfilled
5911743365208,1075,2025-02-19T03:10:12-05:00,14154401218648,8284362014808.0,42655455314008.0,PN687-Brown-38.0,Comfy Leather Boots,Brown / 38,1,59.95,0.0,0,fulfilled
5911730651224,1074,2025-02-19T02:37:54-05:00,14154378870872,8290383560792.0,42665670738008.0,PN723-L,Cozy Floral Art Sweater,L,1,39.95,0.0,0,fulfilled
5911344611416,1073,2025-02-18T17:06:38-05:00,14153605513304,8284025552984.0,42654937055320.0,PN190-Brown-39,Mid-calf Lace-up Boots,Brown / 39,1,49.95,0.0,0,fulfilled
5911288938584,1072,2025-02-18T16:04:13-05:00,14153487548504,8284362014808.0,42655455084632.0,PN687-Black-38.0,Comfy Leather Boots,Black / 38,1,59.95,5.99,0,fulfilled
5911288938584,1072,2025-02-18T16:04:13-05:00,14153487581272,8284361818200.0,42655454691416.0,PN686-38,Black Leather Fur-lined Winter Boots,38,1,44.95,4.49,0,fulfilled
5911082074200,1071,2025-02-18T12:13:30-05:00,14153042755672,8251679440984.0,42557060546648.0,PN516-Black-L,Waterproof Thermal Winter Jacket,Black / L,1,49.95,0.0,0,fulfilled
5910801612888,1070,2025-02-18T05:02:46-05:00,14152533999704,8251678392408.0,42557052780632.0,PN510-Gray-2XL,Water and Windproof Winter Jacket,Gray / 2XL,1,79.95,0.0,0,
5910773071960,1069,2025-02-18T04:16:07-05:00,14152492810328,8273780736088.0,42635177459800.0,PN660-Green-S,Quarter-Zip Fleece Sweater,Green / S,1,49.95,0.0,0,fulfilled
5910324117592,1068,2025-02-17T18:10:03-05:00,14151651917912,8286913691736.0,42660246585432.0,PN722-Black-39,Safety Leather Ankle Boots,Black / 39,1,59.95,0.0,0,fulfilled
5910227157080,1067,2025-02-17T16:31:52-05:00,14151461077080,8284025552984.0,42654937022552.0,PN190-Brown-38,Mid-calf Lace-up Boots,Brown / 38,1,49.95,0.0,0,fulfilled
5909947285592,1066,2025-02-17T12:38:04-05:00,14150911819864,8284362014808.0,42655454986328.0,PN687-Black-35.0,Comfy Leather Boots,Black / 35,1,59.95,5.99,0,fulfilled
5909947285592,1066,2025-02-17T12:38:04-05:00,14150911852632,8284020605016.0,42654917066840.0,PN237-Beige-35,Comfy Fleece-lined Snow Ankle Boots,Beige / 35,1,44.95,4.49,0,fulfilled
5909847703640,1065,2025-02-17T11:46:56-05:00,14150742573144,8251520090200.0,42556486221912.0,PN486-Grey-2XL,Winter Zip-up Parka Jacket,Grey / 2XL,1,74.95,0.0,0,fulfilled
5909581660248,1064,2025-02-17T09:38:26-05:00,14150314590296,8284020605016.0,42654917263448.0,PN237-Beige-41,Comfy Fleece-lined Snow Ankle Boots,Beige / 41,1,44.95,0.0,0,fulfilled
5909331214424,1063,2025-02-17T06:47:43-05:00,14149946966104,8251678392408.0,42557052584024.0,PN510-Light Brown-XL,Water and Windproof Winter Jacket,Light Brown / XL,1,79.95,0.0,0,
5909235826776,1062,2025-02-17T03:03:33-05:00,14149794103384,8284025552984.0,42654937022552.0,PN190-Brown-38,Mid-calf Lace-up Boots,Brown / 38,1,49.95,0.0,0,fulfilled
5909226094680,1061,2025-02-17T02:34:55-05:00,14149775589464,8251515043928.0,42556463874136.0,PN479-Black-S,Handmade Italian Leather Jacket,Black / S,1,69.95,0.0,0,fulfilled
5909121695832,1060,2025-02-17T00:10:55-05:00,14149483266136,8286913691736.0,42660246880344.0,PN722-Black-48,Safety Leather Ankle Boots,Black / 48,1,59.95,0.0,0,fulfilled
5909121695832,1060,2025-02-17T00:10:55-05:00,14149483298904,8286913691736.0,42660247273560.0,PN722-Brown-48,Safety Leather Ankle Boots,Brown / 48,1,59.95,0.0,0,fulfilled
5908330414168,1059,2025-02-16T13:53:30-05:00,14147060727896,8284102819928.0,42655065505880.0,PN234-Black-38,Premium Leather Mid-calf Lace-up Boots,Black / 38,1,54.95,0.0,0,fulfilled
5908313145432,1058,2025-02-16T13:35:02-05:00,14147025469528,8251678392408.0,42557052911704.0,PN510-Brown-XL,Water and Windproof Winter Jacket,Brown / XL,1,79.95,0.0,0,
5908185677912,1057,2025-02-16T11:21:04-05:00,14146777972824,8282109149272.0,42650078806104.0,PN678-White-L,High Neck Zip-up Jacket,White / L,1,44.95,4.49,0,fulfilled
5908185677912,1057,2025-02-16T11:21:04-05:00,14146778005592,8251680194648.0,42557065461848.0,PN521-Blue-L,Men's Padded Winter Jacket,Blue / L,1,49.99,0.0,0,fulfilled
5908185677912,1057,2025-02-16T11:21:04-05:00,14146778038360,8251679440984.0,42557060546648.0,PN516-Black-L,Waterproof Thermal Winter Jacket,Black / L,1,49.95,0.0,0,fulfilled
5908185677912,1057,2025-02-16T11:21:04-05:00,14146778071128,8275190939736.0,42636332367960.0,PN403-Dark blue-L,Pullover Hooded Sweater,Dark blue / L,1,44.95,4.49,0,fulfilled
5908125024344,1056,2025-02-16T10:08:30-05:00,14146650865752,8251673641048.0,42557004775512.0,PN202-Blue-L,Soft and Cozy Sweater,Blue / L,1,39.95,0.0,0,fulfilled
5908064600152,1055,2025-02-16T08:42:37-05:00,14146534735960,8286913560664.0,42660245241944.0,PN720-Gray-L,Casual Long Sleeve and Jogging Pants Set,Gray / L,1,49.95,0.0,0,fulfilled
5908050608216,1054,2025-02-16T08:17:58-05:00,14146507309144,8286913691736.0,42660246552664.0,PN722-Black-38,Safety Leather Ankle Boots,Black / 38,1,59.95,0.0,0,fulfilled
5908050608216,1054,2025-02-16T08:17:58-05:00,14146507341912,8286913691736.0,42660246159448.0,PN722-Light brown-38,Safety Leather Ankle Boots,Light brown / 38,1,59.95,0.0,0,fulfilled
5908050608216,1054,2025-02-16T08:17:58-05:00,14146507374680,8286913691736.0,42660246945880.0,PN722-Brown-38,Safety Leather Ankle Boots,Brown / 38,1,59.95,0.0,0,fulfilled
5908025802840,1053,2025-02-16T07:28:51-05:00,14146462548056,8284193030232.0,42655221383256.0,PN679-Gray-41,Steel Toe Safety Shoes,Gray / 41,1,79.95,0.0,0,fulfilled
5907946963032,1052,2025-02-16T04:19:38-05:00,14146337603672,8286008049752.0,42658612510808.0,PN704-Black-M,Elite Winter Clothing Set,Black / M,1,79.95,0.0,0,fulfilled
5907938279512,1051,2025-02-16T04:11:42-05:00,14146325282904,8284362276952.0,42655456395352.0,PN688-Brown-38.0,Comfortable Women's Leather Boots,Brown / 38.0,1,49.95,0.0,0,fulfilled
5907919994968,1050,2025-02-16T03:13:45-05:00,14146290679896,8286008049752.0,42658612478040.0,PN704-Black-S,Elite Winter Clothing Set,Black / S,1,79.95,0.0,0,fulfilled
5907564429400,1049,2025-02-15T18:17:01-05:00,14145600454744,8286008049752.0,42658612609112.0,PN704-Black-2XL,Elite Winter Clothing Set,Black / 2XL,1,79.95,0.0,0,fulfilled
5907371524184,1048,2025-02-15T14:56:54-05:00,14145204125784,8251678392408.0,42557052584024.0,PN510-Light Brown-XL,Water and Windproof Winter Jacket,Light Brown / XL,1,79.95,0.0,0,
5907083329624,1047,2025-02-15T10:25:55-05:00,14144621183064,8286913429592.0,42660244193368.0,PN717-Black-S,Elegant Lace Jumpsuit,Black / S,1,54.95,0.0,0,fulfilled
5906964414552,1046,2025-02-15T07:40:40-05:00,14144390594648,8284102819928.0,42655065473112.0,PN234-Black-37,Premium Leather Mid-calf Lace-up Boots,Black / 37,1,54.95,0.0,0,fulfilled
5906911166552,1045,2025-02-15T05:33:39-05:00,14144300056664,8284025552984.0,42654937120856.0,PN190-Brown-41,Mid-calf Lace-up Boots,Brown / 41,1,49.95,0.0,0,fulfilled
5906895536216,1044,2025-02-15T04:50:57-05:00,14144272433240,8284025552984.0,42654936989784.0,PN190-Brown-37,Mid-calf Lace-up Boots,Brown / 37,1,49.95,0.0,0,fulfilled
5906855755864,1043,2025-02-15T03:40:40-05:00,14144212631640,8286008049752.0,42658612543576.0,PN704-Black-L,Elite Winter Clothing Set,Black / L,1,79.95,0.0,0,fulfilled
5906844090456,1042,2025-02-15T03:07:24-05:00,14144191955032,8284102819928.0,42655065538648.0,PN234-Black-39,Premium Leather Mid-calf Lace-up Boots,Black / 39,1,54.95,0.0,0,fulfilled
5906827640920,1041,2025-02-15T02:31:23-05:00,14144162594904,8286008049752.0,42658612805720.0,PN704-Green-XL,Elite Winter Clothing Set,Green / XL,1,79.95,0.0,0,fulfilled
5906405326936,1040,2025-02-14T17:24:08-05:00,14143314165848,8286008049752.0,42658612674648.0,PN704-Black-4XL,Elite Winter Clothing Set,Black / 4XL,1,79.95,0.0,0,fulfilled
5906230476888,1039,2025-02-14T14:37:27-05:00,14142965514328,8284025552984.0,42654937022552.0,PN190-Brown-38,Mid-calf Lace-up Boots,Brown / 38,1,49.95,0.0,0,fulfilled
5906155012184,1038,2025-02-14T13:31:23-05:00,14142802264152,8286008049752.0,42658612543576.0,PN704-Black-L,Elite Winter Clothing Set,Black / L,1,79.95,0.0,0,fulfilled
5906068504664,1037,2025-02-14T12:16:53-05:00,14142606475352,8285230661720.0,42657286127704.0,PN700-Black-S,Elegant Heart Button Cardigan,Black / S,1,49.95,0.0,0,fulfilled
5906046025816,1036,2025-02-14T11:59:56-05:00,14142561812568,8286008049752.0,42658612838488.0,PN704-Green-2XL,Elite Winter Clothing Set,Green / 2XL,1,79.95,0.0,0,fulfilled
5905975574616,1035,2025-02-14T10:44:56-05:00,14142409277528,8284365127768.0,42655464718424.0,PN696-Pink-39.0,Platform Sport Shoes,Pink / 39.0,1,54.95,5.49,0,fulfilled
5905975574616,1035,2025-02-14T10:44:56-05:00,14142409310296,8284362014808.0,42655455117400.0,PN687-Black-39.0,Comfy Leather Boots,Black / 39.0,1,59.95,5.99,0,fulfilled
5905921212504,1034,2025-02-14T09:44:26-05:00,14142295933016,8251678392408.0,42557052354648.0,PN510-Blue-M,Water and Windproof Winter Jacket,Blue / M,1,59.95,0.0,0,
5905848991832,1033,2025-02-14T07:52:11-05:00,14142160863320,8251678392408.0,42557052944472.0,PN510-Brown-2XL,Water and Windproof Winter Jacket,Brown / 2XL,1,59.95,0.0,0,
5905748721752,1032,2025-02-14T04:14:04-05:00,14141992697944,8284025552984.0,42654937055320.0,PN190-Brown-39,Mid-calf Lace-up Boots,Brown / 39,1,49.95,0.0,0,fulfilled
5905163780184,1031,2025-02-13T14:44:25-05:00,14140927836248,8251678392408.0,42557052747864.0,PN510-Gray-XL,Water and Windproof Winter Jacket,Gray / XL,1,59.95,0.0,0,
5905132322904,1030,2025-02-13T14:11:45-05:00,14140866920536,8284102819928.0,42655065604184.0,PN234-Black-41,Premium Leather Mid-calf Lace-up Boots,Black / 41,1,54.95,0.0,0,fulfilled
5904742318168,1029,2025-02-13T05:34:12-05:00,14140106965080,8251678392408.0,42557052715096.0,PN510-Gray-L,Water and Windproof Winter Jacket,Gray / L,1,59.95,0.0,0,
5904671146072,1028,2025-02-13T02:57:36-05:00,14139995521112,8284025552984.0,42654937055320.0,PN190-Brown-39,Mid-calf Lace-up Boots,Brown / 39,1,49.95,0.0,0,fulfilled
5903864889432,1027,2025-02-12T10:37:55-05:00,14138411253848,8284193423448.0,42655224397912.0,PN683-Violet-3XL,Plain Knitted Sweater,Violet / 3XL,1,44.95,0.0,0,fulfilled
5903864889432,1027,2025-02-12T10:37:55-05:00,14138411286616,8273782210648.0,42635183489112.0,PN668-3XL,Multicolor Retro Winter Sweater,3XL,1,44.95,0.0,0,fulfilled
5903864889432,1027,2025-02-12T10:37:55-05:00,14138411319384,8261162238040.0,42582324478040.0,PN593-Multicolored-3XL,Retro Winter Sweater,Multicolored / 3XL,1,44.95,0.0,0,fulfilled
5898836836440,1026,2025-02-07T16:56:45-05:00,14128881795160,8256971800664.0,42571343265880.0,PN246-S,Fall Luxe Checkered Knit Sweater,S,1,39.95,0.0,0,fulfilled
5898232201304,1025,2025-02-07T06:17:16-05:00,14127720726616,8251682652248.0,42557089546328.0,PN541-Red-M,Cable Knit Turtleneck Sweater,Red / M,1,89.9,0.0,0,fulfilled
5898200612952,1024,2025-02-07T05:16:02-05:00,14127673344088,8256967147608.0,42571338317912.0,PN1-Beige-M,"Comfortable, Knitted, Soft Turtleneck Sweater",Beige / M,1,44.95,0.0,0,fulfilled
5898113417304,1023,2025-02-07T02:15:46-05:00,14127535259736,8251724398680.0,42557309845592.0,PN174-red,Vintage Leather Shoulder Bag,Red,2,44.95,0.0,0,fulfilled
5895930445912,1022,2025-02-05T07:31:16-05:00,14123445223512,8261162238040.0,42582324379736.0,PN593-Multicolored-L,Retro Winter Sweater,Multicolored / L,1,44.95,0.0,0,fulfilled
5894933250136,1021,2025-02-04T11:37:44-05:00,14121623355480,8273779818584.0,42635146788952.0,PN636-Beige-L,Premium Down Jacket,Beige / L,1,89.95,0.0,0,fulfilled
5886771560536,1020,2025-01-28T04:37:28-05:00,14105799196760,8261989007448.0,42583838687320.0,PN609-Brown-S,Double-breasted Wool Trench Coat,Brown / S,1,54.95,0.0,0,fulfilled
5883645755480,1019,2025-01-25T10:55:59-05:00,14099772702808,8259690037336.0,42578766069848.0,PN589-Green-38,High Top Leather Lace-up Sneakers,Green / 38,1,44.95,0.0,0,fulfilled
5883598569560,1018,2025-01-25T10:08:35-05:00,14099673645144,8261989007448.0,42583838556248.0,PN609-Beige-L,Double-breasted Wool Trench Coat,Beige / L,1,54.95,0.0,0,
5882195837016,1017,2025-01-24T01:12:35-05:00,14096994467928,8259690037336.0,42578766463064.0,PN589-Black-41,High Top Leather Lace-up Sneakers,Black / 41,1,44.95,0.0,0,fulfilled
5881354027096,1016,2025-01-23T10:18:06-05:00,14095318777944,8259690627160.0,42578769707096.0,PN592-Brown,Woven Leather Hobo Bag,Brown,2,49.95,0.0,0,
5881354027096,1016,2025-01-23T10:18:06-05:00,14095318810712,8259690627160.0,42578769805400.0,PN592-Gray,Woven Leather Hobo Bag,Gray,1,49.95,0.0,0,
5881343606872,1015,2025-01-23T10:07:52-05:00,14095298232408,8261989007448.0,42583838752856.0,PN609-Brown-L,Double-breasted Wool Trench Coat,Brown / L,1,59.95,0.0,0,fulfilled
5881331777624,1014,2025-01-23T09:54:02-05:00,14095275851864,8261622693976.0,42583211671640.0,PN163-Light brown-2XL,Comfortable Leather Jacket,Light brown / 2XL,1,59.95,0.0,0,fulfilled
5881019531352,1013,2025-01-23T00:44:45-05:00,14094710538328,8259690037336.0,42578766495832.0,PN589-Black-42,High Top Leather Lace-up Sneakers,Black / 42,1,44.95,0.0,0,fulfilled
5880116379736,1012,2025-01-22T07:38:15-05:00,14092928942168,8259690627160.0,42578769674328.0,PN592-Red,Woven Leather Hobo Bag,Red,1,49.95,0.0,0,fulfilled
5879085170776,1011,2025-01-21T08:56:09-05:00,14090867671128,8259690037336.0,42578766102616.0,PN589-Green-39,High Top Leather Lace-up Sneakers,Green / 39,2,54.95,0.0,0,fulfilled
5877311668312,1010,2025-01-19T15:55:59-05:00,14087480279128,8256920551512.0,42571290738776.0,PN582-Red-37,Retro Square Heeled Pumps,Red / 37,1,69.95,0.0,0,fulfilled
5876930674776,1009,2025-01-19T09:17:03-05:00,14086736412760,8256919896152.0,42571288805464.0,PN579-Brown-41,Walking Leather Shoes,Brown / 41,1,64.95,0.0,0,fulfilled
5671630274648,1008,2024-08-06T08:05:50-04:00,13672608071768,,,PN32 - Black - S,Slimming Swimsuit,Black / S,1,34.95,0.0,0,
5668451418200,1007,2024-08-03T09:01:33-04:00,13666561130584,,,PN142 - L,Graceful Summer Dress,L,1,34.95,0.0,0,
5668271456344,1006,2024-08-03T03:26:16-04:00,13666265038936,,,PN142 - L,Graceful Summer Dress,L,1,34.95,0.0,0,
5662820270168,1005,2024-07-30T07:48:43-04:00,13652527874136,,,PN100 - Green - XL,Vintage Polka Dot Dress,Green / XL,1,32.38,0.0,0,fulfilled
5653440462936,1004,2024-07-21T10:26:13-04:00,13635561193560,,,PN72 - Green - S,Color Block Striped Dress,Green / S,1,44.95,0.0,0,fulfilled
5642818224216,1003,2024-07-13T14:13:42-04:00,13618053578840,,,PN84 - White - M,Rosalie Backless Pleated Set,White / M,1,45.33,0.0,0,fulfilled
5636806606936,1002,2024-07-09T04:26:59-04:00,13607777370200,,,PN91 - Black - M,Color Block Maxi Slip Dress,Black / M,1,51.8,0.0,0,fulfilled
5611589009496,1001,2024-06-21T08:18:18-04:00,13552967680088,,,PN136 - White - XS,U Neck Sleeveless Ruffle Bodycon Midi Dress,White / XS,1,40.7,0.0,0,fulfilled
