,Product Name,URL,Campaign Start,Campaign End,Attribution Revenue,Attribution Orders,Attribution Avg Price,Attribution COGS,Attribution Gross Profit,Attribution Net Profit,Attribution ROI (%),Attribution ROAS,Extended Revenue,Extended Orders,Total Revenue,Total Orders,Total Avg Price,Total COGS,Total Gross Profit,Total Net Profit,Total ROI (%),Total ROAS,Ad Spend,Impressions,Clicks,CTR (%),Conversion Rate (%),Attribution Window Revenue (%),Extended Window Revenue (%),CPA,Profit Margin (%),Total Profit Margin (%),Original Campaign,Product Count,campaignName,Total Refunds,Total Refund Value,Refund Rate,Total Disputes,Dispute Rate,Top Refund Reasons
0,,,,,,,,,,,,,,,,,,,,,,,,,,,,,,,,,,,,,,,,,
1,,,,,,,,,,,,,,,,,,,,,,,,,,,,,,,,,,,Global Refund Metrics,12.0,628.05,6.451612903225806,0.0,0.0,"[[""No reason provided"", 9], [""Wrong sizes "", 1], [""late shipping "", 1], [""he want 1 pair instead of 2 "", 1]]"
2,Classic Herringbone Trousers [No Sales Found],,2024-12-23 00:00:00+00:00,2024-12-30 00:00:00+00:00,0.0,0.0,0.0,0.0,0.0,-23.424,-100.0,0.0,0.0,0.0,0.0,0.0,0.0,0.0,0.0,-23.424,-100.0,0.0,23.424,1446.0,46.0,3.18118948824343,0.0,0.0,0.0,,,,,,,,,,,,
3,Christmas Snowman Sweater [No Sales Found],,2024-12-23 00:00:00+00:00,2024-12-30 00:00:00+00:00,0.0,0.0,0.0,0.0,0.0,-22.876799999999996,-100.0,0.0,0.0,0.0,0.0,0.0,0.0,0.0,0.0,-22.876799999999996,-100.0,0.0,22.876799999999996,1657.0,24.0,1.448400724200362,0.0,0.0,0.0,,,,,,,,,,,,
4,Elegant Wool Beret [No Sales Found],,2024-12-23 00:00:00+00:00,2024-12-30 00:00:00+00:00,0.0,0.0,0.0,0.0,0.0,-27.043200000000002,-100.0,0.0,0.0,0.0,0.0,0.0,0.0,0.0,0.0,-27.043200000000002,-100.0,0.0,27.043200000000002,1070.0,29.0,2.710280373831776,0.0,0.0,0.0,,,,,,,,,,,,
5,Stylish Striped Sports Tracksuit [No Sales Found],,2024-12-27 00:00:00+00:00,2025-01-03 00:00:00+00:00,0.0,0.0,0.0,0.0,0.0,-26.7072,-100.0,0.0,0.0,0.0,0.0,0.0,0.0,0.0,0.0,-26.7072,-100.0,0.0,26.7072,1712.0,236.0,13.785046728971961,0.0,0.0,0.0,,,,,,,,,,,,
6,Elegant Men's Fur-lined Winter Coat [No Sales Found],,2024-12-27 00:00:00+00:00,2025-01-03 00:00:00+00:00,0.0,0.0,0.0,0.0,0.0,-15.1776,-100.0,0.0,0.0,0.0,0.0,0.0,0.0,0.0,0.0,-15.1776,-100.0,0.0,15.1776,1283.0,29.0,2.260327357755261,0.0,0.0,0.0,,,,,,,,,,,,
7,Sparkling Long-sleeved Sequin Mini Dress [No Sales Found],,2024-12-27 00:00:00+00:00,2025-01-03 00:00:00+00:00,0.0,0.0,0.0,0.0,0.0,-14.879999999999999,-100.0,0.0,0.0,0.0,0.0,0.0,0.0,0.0,0.0,-14.879999999999999,-100.0,0.0,14.879999999999999,739.0,20.0,2.706359945872801,0.0,0.0,0.0,,,,,,,,,,,,
8,Classic Leather Jacket,https://dd3662-08.myshopify.com/products/822382575036137472,2024-12-30 00:00:00+00:00,2025-01-06 00:00:00+00:00,0.0,0.0,0.0,0.0,0.0,-28.5216,-100.0,0.0,0.0,0.0,0.0,0.0,0.0,0.0,0.0,-28.5216,-100.0,0.0,28.5216,1661.0,172.0,10.355207706201083,0.0,0.0,0.0,,,,,,,,,,,,
9,Casual Long-sleeved Men's Shirt [No Sales Found],,2024-12-30 00:00:00+00:00,2025-01-06 00:00:00+00:00,0.0,0.0,0.0,0.0,0.0,-37.007999999999996,-100.0,0.0,0.0,0.0,0.0,0.0,0.0,0.0,0.0,-37.007999999999996,-100.0,0.0,37.007999999999996,2384.0,334.0,14.01006711409396,0.0,0.0,0.0,,,,,,,,,,,,
10,Men's Cashmere Sweater,https://dd3662-08.myshopify.com/products/799690274665136128,2024-12-31 00:00:00+00:00,2025-01-07 00:00:00+00:00,0.0,0.0,0.0,0.0,0.0,-37.6896,-100.0,0.0,0.0,0.0,0.0,0.0,0.0,0.0,0.0,-37.6896,-100.0,0.0,37.6896,2386.0,357.0,14.962279966471081,0.0,0.0,0.0,,,,,,,,,,,,
11,Stylish Button-down Cardigan [No Sales Found],,2024-12-31 00:00:00+00:00,2025-01-07 00:00:00+00:00,0.0,0.0,0.0,0.0,0.0,-110.2176,-100.0,0.0,0.0,0.0,0.0,0.0,0.0,0.0,0.0,-110.2176,-100.0,0.0,110.2176,7442.0,931.0,12.5100779360387,0.0,0.0,0.0,,,,,,,,,,,,
12,Warm and Elegant Hooded Fur and Leather Jacket [No Sales Found],,2024-12-31 00:00:00+00:00,2025-01-07 00:00:00+00:00,0.0,0.0,0.0,0.0,0.0,-32.9856,-100.0,0.0,0.0,0.0,0.0,0.0,0.0,0.0,0.0,-32.9856,-100.0,0.0,32.9856,2591.0,116.0,4.477035893477422,0.0,0.0,0.0,,,,,,,,,,,,
13,Warm Knitted Sweater,https://dd3662-08.myshopify.com/products/799690284593053696,2025-01-01 00:00:00+00:00,2025-01-08 00:00:00+00:00,0.0,0.0,0.0,0.0,0.0,-49.3632,-100.0,0.0,0.0,0.0,0.0,0.0,0.0,0.0,0.0,-49.3632,-100.0,0.0,49.3632,3030.0,215.0,7.095709570957095,0.0,0.0,0.0,,,,,,,,,,,,
14,Cashmere and Wool Patchwork Print Sweater,https://dd3662-08.myshopify.com/products/799690292369293312,2025-01-01 00:00:00+00:00,2025-01-08 00:00:00+00:00,0.0,0.0,0.0,0.0,0.0,-49.4304,-100.0,0.0,0.0,0.0,0.0,0.0,0.0,0.0,0.0,-49.4304,-100.0,0.0,49.4304,3923.0,83.0,2.1157277593678305,0.0,0.0,0.0,,,,,,,,,,,,
15,Cozy Graphic Sweater,https://dd3662-08.myshopify.com/products/799690288124657664,2025-01-01 00:00:00+00:00,2025-01-08 00:00:00+00:00,0.0,0.0,0.0,0.0,0.0,-50.1888,-100.0,0.0,0.0,0.0,0.0,0.0,0.0,0.0,0.0,-50.1888,-100.0,0.0,50.1888,5763.0,112.0,1.9434322401526982,0.0,0.0,0.0,,,,,,,,,,,,
16,Soft Fur-lined Slippers,https://dd3662-08.myshopify.com/products/soft-fur-lined-slippersneed-to-delete,2025-01-01 00:00:00+00:00,2025-01-08 00:00:00+00:00,0.0,0.0,0.0,0.0,0.0,-51.0144,-100.0,0.0,0.0,0.0,0.0,0.0,0.0,0.0,0.0,-51.0144,-100.0,0.0,51.0144,4648.0,157.0,3.377796901893287,0.0,0.0,0.0,,,,,,,,,,,,
17,Women's Leather Ankle Boots [No Sales Found],,2025-01-02 00:00:00+00:00,2025-01-09 00:00:00+00:00,0.0,0.0,0.0,0.0,0.0,-38.0256,-100.0,0.0,0.0,0.0,0.0,0.0,0.0,0.0,0.0,-38.0256,-100.0,0.0,38.0256,2070.0,99.0,4.782608695652174,0.0,0.0,0.0,,,,,,,,,,,,
18,"Comfortable, Waterproof Cargo Pants [No Sales Found]",,2025-01-02 00:00:00+00:00,2025-01-09 00:00:00+00:00,0.0,0.0,0.0,0.0,0.0,-38.1216,-100.0,0.0,0.0,0.0,0.0,0.0,0.0,0.0,0.0,-38.1216,-100.0,0.0,38.1216,1626.0,47.0,2.890528905289053,0.0,0.0,0.0,,,,,,,,,,,,
19,Elegant Classic Wool Winter coat [No Sales Found],,2025-01-02 00:00:00+00:00,2025-01-09 00:00:00+00:00,0.0,0.0,0.0,0.0,0.0,-47.587199999999996,-100.0,0.0,0.0,0.0,0.0,0.0,0.0,0.0,0.0,-47.587199999999996,-100.0,0.0,47.587199999999996,3942.0,77.0,1.9533231861998983,0.0,0.0,0.0,,,,,,,,,,,,
20,Cherry Print Oversized Jacket [No Sales Found],,2025-01-02 00:00:00+00:00,2025-01-09 00:00:00+00:00,0.0,0.0,0.0,0.0,0.0,-48.681599999999996,-100.0,0.0,0.0,0.0,0.0,0.0,0.0,0.0,0.0,-48.681599999999996,-100.0,0.0,48.681599999999996,3295.0,84.0,2.549317147192716,0.0,0.0,0.0,,,,,,,,,,,,
21,High Waisted Sculpting Cargo Pants [No Sales Found],,2025-01-02 00:00:00+00:00,2025-01-09 00:00:00+00:00,0.0,0.0,0.0,0.0,0.0,-29.510399999999997,-100.0,0.0,0.0,0.0,0.0,0.0,0.0,0.0,0.0,-29.510399999999997,-100.0,0.0,29.510399999999997,1739.0,53.0,3.0477285796434734,0.0,0.0,0.0,,,,,,,,,,,,
22,Warm Winter Wool Sweater,https://dd3662-08.myshopify.com/products/801107170488745984,2025-01-03 00:00:00+00:00,2025-01-10 00:00:00+00:00,0.0,0.0,0.0,0.0,0.0,-38.9664,-100.0,0.0,0.0,0.0,0.0,0.0,0.0,0.0,0.0,-38.9664,-100.0,0.0,38.9664,2495.0,88.0,3.527054108216433,0.0,0.0,0.0,,,,,,,,,,,,
23,Elegant Cozy Cardigan,https://dd3662-08.myshopify.com/products/811654167083876352,2025-01-03 00:00:00+00:00,2025-01-10 00:00:00+00:00,0.0,0.0,0.0,0.0,0.0,-44.9376,-100.0,0.0,0.0,0.0,0.0,0.0,0.0,0.0,0.0,-44.9376,-100.0,0.0,44.9376,3306.0,189.0,5.716878402903811,0.0,0.0,0.0,,,,,,,,,,,,
24,Pullover Hooded Sweater,https://dd3662-08.myshopify.com/products/801107176633401344,2025-01-03 00:00:00+00:00,2025-01-10 00:00:00+00:00,0.0,0.0,0.0,0.0,0.0,-38.2176,-100.0,0.0,0.0,0.0,0.0,0.0,0.0,0.0,0.0,-38.2176,-100.0,0.0,38.2176,3477.0,65.0,1.8694276675294794,0.0,0.0,0.0,,,,,,,,,,,,
25,Luxurious Glitter Knit Zip-up Sweater [No Sales Found],,2025-01-03 00:00:00+00:00,2025-01-10 00:00:00+00:00,0.0,0.0,0.0,0.0,0.0,-41.020799999999994,-100.0,0.0,0.0,0.0,0.0,0.0,0.0,0.0,0.0,-41.020799999999994,-100.0,0.0,41.020799999999994,1576.0,162.0,10.279187817258883,0.0,0.0,0.0,,,,,,,,,,,,
26,Classic Fur-lined Leather Jacket,https://dd3662-08.myshopify.com/products/801107163022884864,2025-01-03 00:00:00+00:00,2025-01-10 00:00:00+00:00,0.0,0.0,0.0,0.0,0.0,-40.559999999999995,-100.0,0.0,0.0,0.0,0.0,0.0,0.0,0.0,0.0,-40.559999999999995,-100.0,0.0,40.559999999999995,3498.0,74.0,2.115494568324757,0.0,0.0,0.0,,,,,,,,,,,,
27,Comfortable Elegant Pleated Dress,https://dd3662-08.myshopify.com/products/819597925712658432,2025-01-04 00:00:00+00:00,2025-01-11 00:00:00+00:00,0.0,0.0,0.0,0.0,0.0,-25.0272,-100.0,0.0,0.0,0.0,0.0,0.0,0.0,0.0,0.0,-25.0272,-100.0,0.0,25.0272,1401.0,54.0,3.854389721627409,0.0,0.0,0.0,,,,,,,,,,,,
28,Balaclava Hooded Jacket [No Sales Found],,2025-01-04 00:00:00+00:00,2025-01-11 00:00:00+00:00,0.0,0.0,0.0,0.0,0.0,-25.1424,-100.0,0.0,0.0,0.0,0.0,0.0,0.0,0.0,0.0,-25.1424,-100.0,0.0,25.1424,3039.0,56.0,1.8427114182296807,0.0,0.0,0.0,,,,,,,,,,,,
29,Stylish Quilted Winter Jacket [No Sales Found],,2025-01-04 00:00:00+00:00,2025-01-11 00:00:00+00:00,0.0,0.0,0.0,0.0,0.0,-74.8992,-100.0,0.0,0.0,0.0,0.0,0.0,0.0,0.0,0.0,-74.8992,-100.0,0.0,74.8992,3111.0,212.0,6.814529090324655,0.0,0.0,0.0,,,,,,,,,,,,
30,Stylish Winter Boots,https://dd3662-08.myshopify.com/products/818915579950792704,2025-01-04 00:00:00+00:00,2025-01-11 00:00:00+00:00,0.0,0.0,0.0,0.0,0.0,-25.5744,-100.0,0.0,0.0,0.0,0.0,0.0,0.0,0.0,0.0,-25.5744,-100.0,0.0,25.5744,1722.0,67.0,3.8908246225319396,0.0,0.0,0.0,,,,,,,,,,,,
31,Sporty Hooded Winter Jacket [No Sales Found],,2025-01-04 00:00:00+00:00,2025-01-11 00:00:00+00:00,0.0,0.0,0.0,0.0,0.0,-24.383999999999997,-100.0,0.0,0.0,0.0,0.0,0.0,0.0,0.0,0.0,-24.383999999999997,-100.0,0.0,24.383999999999997,2397.0,19.0,0.7926574885273258,0.0,0.0,0.0,,,,,,,,,,,,
32,Glittery Long-Sleeved Fringe Dress [No Sales Found],,2025-01-05 00:00:00+00:00,2025-01-12 00:00:00+00:00,0.0,0.0,0.0,0.0,0.0,-29.232,-100.0,0.0,0.0,0.0,0.0,0.0,0.0,0.0,0.0,-29.232,-100.0,0.0,29.232,2294.0,47.0,2.048823016564952,0.0,0.0,0.0,,,,,,,,,,,,
33,Warm Down Jacket [No Sales Found],,2025-01-05 00:00:00+00:00,2025-01-12 00:00:00+00:00,0.0,0.0,0.0,0.0,0.0,-87.30239999999999,-100.0,0.0,0.0,0.0,0.0,0.0,0.0,0.0,0.0,-87.30239999999999,-100.0,0.0,87.30239999999999,5387.0,233.0,4.325227399294598,0.0,0.0,0.0,,,,,,,,,,,,
34,Stand Collar Quilted Winter Jacket,https://dd3662-08.myshopify.com/products/801492869842993152,2025-01-05 00:00:00+00:00,2025-01-12 00:00:00+00:00,0.0,0.0,0.0,0.0,0.0,-27.8112,-100.0,0.0,0.0,0.0,0.0,0.0,0.0,0.0,0.0,-27.8112,-100.0,0.0,27.8112,2365.0,56.0,2.367864693446089,0.0,0.0,0.0,,,,,,,,,,,,
35,Soft Cashmere Zip-up Jacket,https://dd3662-08.myshopify.com/products/801492858103136256,2025-01-06 00:00:00+00:00,2025-01-13 00:00:00+00:00,0.0,0.0,0.0,0.0,0.0,-39.446400000000004,-100.0,0.0,0.0,0.0,0.0,0.0,0.0,0.0,0.0,-39.446400000000004,-100.0,0.0,39.446400000000004,2310.0,108.0,4.675324675324675,0.0,0.0,0.0,,,,,,,,,,,,
36,Stretchy High-waisted Wide Leg Pants [No Sales Found],,2025-01-06 00:00:00+00:00,2025-01-13 00:00:00+00:00,0.0,0.0,0.0,0.0,0.0,-38.928,-100.0,0.0,0.0,0.0,0.0,0.0,0.0,0.0,0.0,-38.928,-100.0,0.0,38.928,1964.0,78.0,3.971486761710794,0.0,0.0,0.0,,,,,,,,,,,,
37,Elegant Classic Plaid Print Dress [No Sales Found],,2025-01-06 00:00:00+00:00,2025-01-13 00:00:00+00:00,0.0,0.0,0.0,0.0,0.0,-35.9232,-100.0,0.0,0.0,0.0,0.0,0.0,0.0,0.0,0.0,-35.9232,-100.0,0.0,35.9232,2424.0,60.0,2.4752475247524752,0.0,0.0,0.0,,,,,,,,,,,,
38,Collection C05 - Not Found in Shopify,,2025-01-07 00:00:00+00:00,2025-01-14 00:00:00+00:00,0.0,0.0,0.0,0.0,0.0,-79.488,-100.0,0.0,0.0,0.0,0.0,0.0,0.0,0.0,0.0,-79.488,-100.0,0.0,79.488,3858.0,139.0,3.602903058579575,0.0,0.0,0.0,,,,,,,,,,,,
39,Collection C06 - Not Found in Shopify,,2025-01-08 00:00:00+00:00,2025-01-15 00:00:00+00:00,0.0,0.0,0.0,0.0,0.0,-100.0896,-100.0,0.0,0.0,0.0,0.0,0.0,0.0,0.0,0.0,-100.0896,-100.0,0.0,100.0896,8074.0,187.0,2.316076294277929,0.0,0.0,0.0,,,,,,,,,,,,
40,"Timeless, Warm and Stylish Coat",https://dd3662-08.myshopify.com/products/806207374757986304,2025-01-09 00:00:00+00:00,2025-01-16 00:00:00+00:00,0.0,0.0,0.0,0.0,0.0,-20.831999999999997,-100.0,0.0,0.0,0.0,0.0,0.0,0.0,0.0,0.0,-20.831999999999997,-100.0,0.0,20.831999999999997,1169.0,33.0,2.8229255774165956,0.0,0.0,0.0,,,,,,,,,,,,
41,Warm Knitted Comfy Sweater,https://dd3662-08.myshopify.com/products/806207426087878656,2025-01-09 00:00:00+00:00,2025-01-16 00:00:00+00:00,0.0,0.0,0.0,0.0,0.0,-21.696,-100.0,0.0,0.0,0.0,0.0,0.0,0.0,0.0,0.0,-21.696,-100.0,0.0,21.696,952.0,19.0,1.9957983193277309,0.0,0.0,0.0,,,,,,,,,,,,
42,Dress with Long Sleeve Top,https://dd3662-08.myshopify.com/products/806207436309397504,2025-01-09 00:00:00+00:00,2025-01-16 00:00:00+00:00,0.0,0.0,0.0,0.0,0.0,-30.816,-100.0,0.0,0.0,0.0,0.0,0.0,0.0,0.0,0.0,-30.816,-100.0,0.0,30.816,3163.0,37.0,1.1697755295605439,0.0,0.0,0.0,,,,,,,,,,,,
43,Collection C07 - Not Found in Shopify,,2025-01-09 00:00:00+00:00,2025-01-16 00:00:00+00:00,0.0,0.0,0.0,0.0,0.0,-31.622399999999995,-100.0,0.0,0.0,0.0,0.0,0.0,0.0,0.0,0.0,-31.622399999999995,-100.0,0.0,31.622399999999995,997.0,47.0,4.714142427281845,0.0,0.0,0.0,,,,,,,,,,,,
44,Elegant and Comfortable Dress,https://dd3662-08.myshopify.com/products/806626968605818880,2025-01-10 00:00:00+00:00,2025-01-17 00:00:00+00:00,0.0,0.0,0.0,0.0,0.0,-42.7104,-100.0,0.0,0.0,0.0,0.0,0.0,0.0,0.0,0.0,-42.7104,-100.0,0.0,42.7104,2242.0,47.0,2.096342551293488,0.0,0.0,0.0,,,,,,,,,,,,
45,Windproof Wool Jacket,https://dd3662-08.myshopify.com/products/806626977787150336,2025-01-10 00:00:00+00:00,2025-01-17 00:00:00+00:00,0.0,0.0,0.0,0.0,0.0,-44.755199999999995,-100.0,0.0,0.0,0.0,0.0,0.0,0.0,0.0,0.0,-44.755199999999995,-100.0,0.0,44.755199999999995,3255.0,101.0,3.1029185867895546,0.0,0.0,0.0,,,,,,,,,,,,
46,Essential Winter Jacket,https://dd3662-08.myshopify.com/products/805472670165499904,2025-01-10 00:00:00+00:00,2025-01-17 00:00:00+00:00,0.0,0.0,0.0,0.0,0.0,-22.3008,-100.0,0.0,0.0,0.0,0.0,0.0,0.0,0.0,0.0,-22.3008,-100.0,0.0,22.3008,1465.0,22.0,1.5017064846416381,0.0,0.0,0.0,,,,,,,,,,,,
47,Cheerful Colorful Turtleneck,https://dd3662-08.myshopify.com/products/806626983235551232,2025-01-10 00:00:00+00:00,2025-01-17 00:00:00+00:00,0.0,0.0,0.0,0.0,0.0,-21.5424,-100.0,0.0,0.0,0.0,0.0,0.0,0.0,0.0,0.0,-21.5424,-100.0,0.0,21.5424,1150.0,18.0,1.565217391304348,0.0,0.0,0.0,,,,,,,,,,,,
48,Lambskin Leather Jacket,https://dd3662-08.myshopify.com/products/806948586053959680,2025-01-11 00:00:00+00:00,2025-01-18 00:00:00+00:00,0.0,0.0,0.0,0.0,0.0,-24.6144,-100.0,0.0,0.0,0.0,0.0,0.0,0.0,0.0,0.0,-24.6144,-100.0,0.0,24.6144,1510.0,38.0,2.5165562913907285,0.0,0.0,0.0,,,,,,,,,,,,
49,Soft Winter Pullover,https://dd3662-08.myshopify.com/products/806948588411158528,2025-01-11 00:00:00+00:00,2025-01-18 00:00:00+00:00,0.0,0.0,0.0,0.0,0.0,-21.696,-100.0,0.0,0.0,0.0,0.0,0.0,0.0,0.0,0.0,-21.696,-100.0,0.0,21.696,2353.0,24.0,1.019974500637484,0.0,0.0,0.0,,,,,,,,,,,,
50,Chic Winter Jacket,https://dd3662-08.myshopify.com/products/806948598641065984,2025-01-11 00:00:00+00:00,2025-01-18 00:00:00+00:00,0.0,0.0,0.0,0.0,0.0,-23.203200000000002,-100.0,0.0,0.0,0.0,0.0,0.0,0.0,0.0,0.0,-23.203200000000002,-100.0,0.0,23.203200000000002,1514.0,40.0,2.642007926023778,0.0,0.0,0.0,,,,,,,,,,,,
51,Casual Leather Sneakers,https://dd3662-08.myshopify.com/products/806948590848049152,2025-01-11 00:00:00+00:00,2025-01-18 00:00:00+00:00,0.0,0.0,0.0,0.0,0.0,-21.216,-100.0,0.0,0.0,0.0,0.0,0.0,0.0,0.0,0.0,-21.216,-100.0,0.0,21.216,1428.0,10.0,0.700280112044818,0.0,0.0,0.0,,,,,,,,,,,,
52,Lambskin Leather Jacket,https://dd3662-08.myshopify.com/products/806948586053959680,2025-01-14 00:00:00+00:00,2025-01-21 00:00:00+00:00,0.0,0.0,0.0,0.0,0.0,-26.736,-100.0,0.0,0.0,0.0,0.0,0.0,0.0,0.0,0.0,-26.736,-100.0,0.0,26.736,2349.0,45.0,1.9157088122605364,0.0,0.0,0.0,,,,,,,,,,,,
53,Elegant Unisex Marten Boots,https://dd3662-08.myshopify.com/products/806948595847659520,2025-01-14 00:00:00+00:00,2025-01-21 00:00:00+00:00,0.0,0.0,0.0,0.0,0.0,-24.576,-100.0,0.0,0.0,0.0,0.0,0.0,0.0,0.0,0.0,-24.576,-100.0,0.0,24.576,2755.0,29.0,1.0526315789473684,0.0,0.0,0.0,,,,,,,,,,,,
54,Collection C08 - Not Found in Shopify,,2025-01-14 00:00:00+00:00,2025-01-21 00:00:00+00:00,0.0,0.0,0.0,0.0,0.0,-23.510399999999997,-100.0,0.0,0.0,0.0,0.0,0.0,0.0,0.0,0.0,-23.510399999999997,-100.0,0.0,23.510399999999997,911.0,32.0,3.512623490669594,0.0,0.0,0.0,,,,,,,,,,,,
55,Stylish Winter Jacket,https://dd3662-08.myshopify.com/products/806948602529185792,2025-01-14 00:00:00+00:00,2025-01-21 00:00:00+00:00,0.0,0.0,0.0,0.0,0.0,-85.8432,-100.0,0.0,0.0,0.0,0.0,0.0,0.0,0.0,0.0,-85.8432,-100.0,0.0,85.8432,13074.0,92.0,0.7036867064402631,0.0,0.0,0.0,,,,,,,,,,,,
56,Elegant Fleece-lined Coat,https://dd3662-08.myshopify.com/products/809786494041456640,2025-01-19 00:00:00+00:00,2025-01-26 00:00:00+00:00,0.0,0.0,0.0,0.0,0.0,-66.3744,-100.0,0.0,0.0,0.0,0.0,0.0,0.0,0.0,0.0,-66.3744,-100.0,0.0,66.3744,12516.0,332.0,2.652604666027485,0.0,0.0,0.0,,,,,,,,,,,,
57,Walking Leather Shoes,https://dd3662-08.myshopify.com/products/809786393432686592,2025-01-19 00:00:00+00:00,2025-01-26 00:00:00+00:00,64.95,1.0,64.95,25.980000000000004,38.97,-39.289199999999994,-50.20393768400392,0.829934371933268,0.0,0.0,64.95,1.0,64.95,25.980000000000004,38.97,-39.289199999999994,-50.20393768400392,0.829934371933268,78.25919999999999,9328.0,220.0,2.358490566037736,0.45454545454545453,100.0,0.0,78.25919999999999,-60.49145496535796,-60.49145496535796,,,,,,,,,
58,Retro Square Heeled Pumps,https://dd3662-08.myshopify.com/products/809786630096289792,2025-01-19 00:00:00+00:00,2025-01-26 00:00:00+00:00,69.95,1.0,69.95,27.980000000000004,41.97,-68.56439999999999,-62.029920097272885,0.6328346650454519,0.0,0.0,69.95,1.0,69.95,27.980000000000004,41.97,-68.56439999999999,-62.029920097272885,0.6328346650454519,110.53439999999999,14142.0,229.0,1.6192900579833123,0.43668122270742354,100.0,0.0,110.53439999999999,-98.01915654038598,-98.01915654038598,,,,,,,,,
59,Casual Zip-Up Sweater,https://dd3662-08.myshopify.com/products/804006443077337088,2025-01-20 00:00:00+00:00,2025-01-27 00:00:00+00:00,0.0,0.0,0.0,0.0,0.0,-26.131199999999996,-100.0,0.0,0.0,0.0,0.0,0.0,0.0,0.0,0.0,-26.131199999999996,-100.0,0.0,26.131199999999996,3168.0,78.0,2.462121212121212,0.0,0.0,0.0,,,,,,,,,,,,
60,Women's Cashmere Trench Coat,https://dd3662-08.myshopify.com/products/811239040081723392,2025-01-21 00:00:00+00:00,2025-01-28 00:00:00+00:00,0.0,0.0,0.0,0.0,0.0,-52.5792,-100.0,0.0,0.0,0.0,0.0,0.0,0.0,0.0,0.0,-52.5792,-100.0,0.0,52.5792,4471.0,258.0,5.770521136211138,0.0,0.0,0.0,,,,,,,,,,,,
61,High Top Leather Lace-up Sneakers,https://dd3662-08.myshopify.com/products/811239050944970752,2025-01-21 00:00:00+00:00,2025-01-28 00:00:00+00:00,189.8,4.0,47.45,75.92,113.88000000000001,-115.67519999999998,-50.391017062562725,0.8268163822906213,0.0,0.0,189.8,4.0,47.45,75.92,113.88000000000001,-115.67519999999998,-50.391017062562725,0.8268163822906213,229.55519999999999,35258.0,818.0,2.32004084179477,0.4889975550122249,100.0,0.0,57.388799999999996,-60.94583772391991,-60.94583772391991,,,,,,,,,
62,Short Button-down Wool Coat,https://dd3662-08.myshopify.com/products/811239043051290624,2025-01-21 00:00:00+00:00,2025-01-28 00:00:00+00:00,0.0,0.0,0.0,0.0,0.0,-46.8864,-100.0,0.0,0.0,0.0,0.0,0.0,0.0,0.0,0.0,-46.8864,-100.0,0.0,46.8864,4643.0,179.0,3.8552659918156365,0.0,0.0,0.0,,,,,,,,,,,,
63,Gentleman Button-down Cardigan,https://dd3662-08.myshopify.com/products/811239049112059904,2025-01-22 00:00:00+00:00,2025-01-29 00:00:00+00:00,0.0,0.0,0.0,0.0,0.0,-20.822400000000002,-100.0,0.0,0.0,0.0,0.0,0.0,0.0,0.0,0.0,-20.822400000000002,-100.0,0.0,20.822400000000002,2646.0,61.0,2.305366591080877,0.0,0.0,0.0,,,,,,,,,,,,
64,Woven Leather Hobo Bag,https://dd3662-08.myshopify.com/products/811239037636444160,2025-01-22 00:00:00+00:00,2025-01-29 00:00:00+00:00,149.85000000000002,3.0,49.95000000000001,59.94000000000001,89.91000000000001,18.370800000000017,25.679347826086985,2.0946557971014497,0.0,0.0,149.85000000000002,3.0,49.95000000000001,59.94000000000001,89.91000000000001,18.370800000000017,25.679347826086985,2.0946557971014497,71.5392,9535.0,175.0,1.8353434714210803,1.7142857142857144,100.0,0.0,23.8464,12.25945945945947,12.25945945945947,,,,,,,,,
65,Comfortable Leather Jacket,https://dd3662-08.myshopify.com/products/774349603645423616,2025-01-23 00:00:00+00:00,2025-01-30 00:00:00+00:00,59.95,1.0,59.95,23.980000000000004,35.97,-81.198,-69.30049160180253,0.5116584733032911,0.0,0.0,59.95,1.0,59.95,23.980000000000004,35.97,-81.198,-69.30049160180253,0.5116584733032911,117.16799999999999,17448.0,304.0,1.742320036680422,0.3289473684210526,100.0,0.0,117.16799999999999,-135.44286905754794,-135.44286905754794,,,,,,,,,
66,The Classic Overshirt,https://dd3662-08.myshopify.com/products/811997668095033344,2025-01-23 00:00:00+00:00,2025-01-30 00:00:00+00:00,0.0,0.0,0.0,0.0,0.0,-22.0224,-100.0,0.0,0.0,0.0,0.0,0.0,0.0,0.0,0.0,-22.0224,-100.0,0.0,22.0224,1813.0,30.0,1.654715940430226,0.0,0.0,0.0,,,,,,,,,,,,
67,Double-breasted Wool Trench Coat,https://dd3662-08.myshopify.com/products/811997679608397824,2025-01-23 00:00:00+00:00,2025-01-30 00:00:00+00:00,169.85000000000002,3.0,56.616666666666674,67.94000000000001,101.91000000000001,-26.778000000000006,-20.808466989929133,1.319858883501181,0.0,0.0,169.85000000000002,3.0,56.616666666666674,67.94000000000001,101.91000000000001,-26.778000000000006,-20.808466989929133,1.319858883501181,128.68800000000002,12561.0,578.0,4.60154446302046,0.5190311418685121,100.0,0.0,42.89600000000001,-15.765675596114221,-15.765675596114221,,,,,,,,,
68,Warm Casual Corduroy Pants,https://dd3662-08.myshopify.com/products/811997677314113536,2025-01-24 00:00:00+00:00,2025-01-31 00:00:00+00:00,0.0,0.0,0.0,0.0,0.0,-20.630399999999998,-100.0,0.0,0.0,0.0,0.0,0.0,0.0,0.0,0.0,-20.630399999999998,-100.0,0.0,20.630399999999998,1277.0,20.0,1.5661707126076743,0.0,0.0,0.0,,,,,,,,,,,,
69,Self-Tie Bow Cardigan,https://dd3662-08.myshopify.com/products/811997670653558784,2025-01-24 00:00:00+00:00,2025-01-31 00:00:00+00:00,0.0,0.0,0.0,0.0,0.0,-38.6112,-100.0,0.0,0.0,0.0,0.0,0.0,0.0,0.0,0.0,-38.6112,-100.0,0.0,38.6112,3095.0,55.0,1.7770597738287561,0.0,0.0,0.0,,,,,,,,,,,,
70,"Comfortable, Knitted, Soft Turtleneck Sweater",https://dd3662-08.myshopify.com/products/768539614947311616,2025-02-07 00:00:00+00:00,2025-02-14 00:00:00+00:00,44.95,1.0,44.95,17.98,26.970000000000002,-83.8236,-75.65743869682004,0.4057093550529995,0.0,0.0,44.95,1.0,44.95,17.98,26.970000000000002,-83.8236,-75.65743869682004,0.4057093550529995,110.7936,8345.0,270.0,3.2354703415218693,0.3703703703703704,100.0,0.0,110.7936,-186.4818687430478,-186.4818687430478,,,,,,,,,
71,Retro Square Heeled Pumps,https://dd3662-08.myshopify.com/products/809786630096289792,2025-02-07 00:00:00+00:00,2025-02-14 00:00:00+00:00,0.0,0.0,0.0,0.0,0.0,-37.4016,-100.0,0.0,0.0,0.0,0.0,0.0,0.0,0.0,0.0,-37.4016,-100.0,0.0,37.4016,4893.0,75.0,1.5328019619865114,0.0,0.0,0.0,,,,,,,,,,,,
72,Cheerful Colorful Turtleneck,https://dd3662-08.myshopify.com/products/806626983235551232,2025-02-07 00:00:00+00:00,2025-02-14 00:00:00+00:00,0.0,0.0,0.0,0.0,0.0,-38.3904,-100.0,0.0,44.95,1.0,44.95,1.0,44.95,17.98,26.970000000000002,-11.420399999999997,-29.74806201550387,1.1708656330749354,38.3904,5776.0,149.0,2.579639889196676,0.0,0.0,100.0,,,-25.406896551724127,,,,,,,,,
73,Distressed Leather Hobo Bag,https://dd3662-08.myshopify.com/products/817343112861974528,2025-02-07 00:00:00+00:00,2025-02-14 00:00:00+00:00,0.0,0.0,0.0,0.0,0.0,-39.542399999999994,-100.0,0.0,0.0,0.0,0.0,0.0,0.0,0.0,0.0,-39.542399999999994,-100.0,0.0,39.542399999999994,5172.0,123.0,2.3781902552204177,0.0,0.0,0.0,,,,,,,,,,,,
74,Distressed Leather Hobo Bag,https://dd3662-08.myshopify.com/products/817343112861974528,2025-02-08 00:00:00+00:00,2025-02-15 00:00:00+00:00,0.0,0.0,0.0,0.0,0.0,-24.566399999999998,-100.0,0.0,0.0,0.0,0.0,0.0,0.0,0.0,0.0,-24.566399999999998,-100.0,0.0,24.566399999999998,3734.0,54.0,1.44617032672737,0.0,0.0,0.0,,,,,,,,,,,,
75,Breathable Sport Shoes,https://dd3662-08.myshopify.com/products/817347362673393664,2025-02-08 00:00:00+00:00,2025-02-15 00:00:00+00:00,0.0,0.0,0.0,0.0,0.0,-23.136,-100.0,0.0,44.95,1.0,44.95,1.0,44.95,17.98,26.970000000000002,3.834000000000003,16.571576763485492,1.9428596127247582,23.136,2248.0,45.0,2.0017793594306053,0.0,0.0,100.0,,,8.529477196885434,,,,,,,,,
76,Leopard Pattern Fur Jacket,https://dd3662-08.myshopify.com/products/817819985249304576,2025-02-10 00:00:00+00:00,2025-02-17 00:00:00+00:00,0.0,0.0,0.0,0.0,0.0,-27.4464,-100.0,0.0,0.0,0.0,0.0,0.0,0.0,0.0,0.0,-27.4464,-100.0,0.0,27.4464,1458.0,51.0,3.4979423868312756,0.0,0.0,0.0,,,,,,,,,,,,
77,Modern and Ergonomic Casual Sneakers,https://dd3662-08.myshopify.com/products/817820087967809536,2025-02-10 00:00:00+00:00,2025-02-17 00:00:00+00:00,0.0,0.0,0.0,0.0,0.0,-28.896,-100.0,0.0,0.0,0.0,0.0,0.0,0.0,0.0,0.0,-28.896,-100.0,0.0,28.896,3257.0,101.0,3.101013202333436,0.0,0.0,0.0,,,,,,,,,,,,
78,Loose Casual Lounge Set,https://dd3662-08.myshopify.com/products/817820007248429056,2025-02-10 00:00:00+00:00,2025-02-17 00:00:00+00:00,0.0,0.0,0.0,0.0,0.0,-25.3632,-100.0,0.0,0.0,0.0,0.0,0.0,0.0,0.0,0.0,-25.3632,-100.0,0.0,25.3632,5538.0,47.0,0.8486818345973276,0.0,0.0,0.0,,,,,,,,,,,,
79,Vintage Floral Print Denim Flared Pants,https://dd3662-08.myshopify.com/products/817819996959801344,2025-02-10 00:00:00+00:00,2025-02-17 00:00:00+00:00,0.0,0.0,0.0,0.0,0.0,-25.5936,-100.0,0.0,0.0,0.0,0.0,0.0,0.0,0.0,0.0,-25.5936,-100.0,0.0,25.5936,1959.0,64.0,3.2669729453802963,0.0,0.0,0.0,,,,,,,,,,,,
80,Comfortable and Stylish Button-down Sweater,https://dd3662-08.myshopify.com/products/817820065394065408,2025-02-11 00:00:00+00:00,2025-02-18 00:00:00+00:00,0.0,0.0,0.0,0.0,0.0,-52.032000000000004,-100.0,0.0,0.0,0.0,0.0,0.0,0.0,0.0,0.0,-52.032000000000004,-100.0,0.0,52.032000000000004,5641.0,117.0,2.0741003368197126,0.0,0.0,0.0,,,,,,,,,,,,
81,Steel Toe Safety Shoes,https://dd3662-08.myshopify.com/products/818915744933740544,2025-02-11 00:00:00+00:00,2025-02-18 00:00:00+00:00,79.95,1.0,79.95,31.980000000000004,47.97,28.453200000000002,145.78824397442207,4.096470732907035,0.0,0.0,79.95,1.0,79.95,31.980000000000004,47.97,28.453200000000002,145.78824397442207,4.096470732907035,19.516799999999996,2124.0,61.0,2.871939736346516,1.639344262295082,100.0,0.0,19.516799999999996,35.58874296435272,35.58874296435272,,,,,,,,,
82,Cozy Graphic Sweater,https://dd3662-08.myshopify.com/products/799690288124657664,2025-02-11 00:00:00+00:00,2025-02-18 00:00:00+00:00,0.0,0.0,0.0,0.0,0.0,-24.307199999999998,-100.0,0.0,0.0,0.0,0.0,0.0,0.0,0.0,0.0,-24.307199999999998,-100.0,0.0,24.307199999999998,3161.0,27.0,0.8541600759253402,0.0,0.0,0.0,,,,,,,,,,,,
83,Wool Coat,https://dd3662-08.myshopify.com/products/805472572324970496,2025-02-13 00:00:00+00:00,2025-02-20 00:00:00+00:00,0.0,0.0,0.0,0.0,0.0,-25.113599999999998,-100.0,0.0,0.0,0.0,0.0,0.0,0.0,0.0,0.0,-25.113599999999998,-100.0,0.0,25.113599999999998,3351.0,38.0,1.1339898537749926,0.0,0.0,0.0,,,,,,,,,,,,
84,Four-piece Comfy Lounge Set,https://dd3662-08.myshopify.com/products/819323502224998400,2025-02-13 00:00:00+00:00,2025-02-20 00:00:00+00:00,0.0,0.0,0.0,0.0,0.0,-24.5568,-100.0,0.0,0.0,0.0,0.0,0.0,0.0,0.0,0.0,-24.5568,-100.0,0.0,24.5568,1664.0,26.0,1.5625,0.0,0.0,0.0,,,,,,,,,,,,
85,Women's Tweed Button Jacket,https://dd3662-08.myshopify.com/products/819323498034888704,2025-02-13 00:00:00+00:00,2025-02-20 00:00:00+00:00,0.0,0.0,0.0,0.0,0.0,-39.849599999999995,-100.0,0.0,0.0,0.0,0.0,0.0,0.0,0.0,0.0,-39.849599999999995,-100.0,0.0,39.849599999999995,4761.0,205.0,4.305818105440034,0.0,0.0,0.0,,,,,,,,,,,,
86,Water and Windproof Winter Jacket,https://dd3662-08.myshopify.com/products/807302659773038592,2025-02-13 00:00:00+00:00,2025-02-20 00:00:00+00:00,559.6,8.0,69.95,223.84000000000003,335.76,-93.66719999999998,-21.812125547706337,1.3031312408715612,0.0,0.0,559.6,8.0,69.95,223.84000000000003,335.76,-93.66719999999998,-21.812125547706337,1.3031312408715612,429.42719999999997,68284.0,1913.0,2.8015347665631776,0.4181913225300575,100.0,0.0,53.678399999999996,-16.73824160114367,-16.73824160114367,,,,,,,,,
87,Breathable Sport Shoes,https://dd3662-08.myshopify.com/products/817347362673393664,2025-02-13 00:00:00+00:00,2025-02-20 00:00:00+00:00,0.0,0.0,0.0,0.0,0.0,-25.151999999999997,-100.0,0.0,44.95,1.0,44.95,1.0,44.95,17.98,26.970000000000002,1.818000000000005,7.228053435114525,1.7871342239185755,25.151999999999997,3672.0,58.0,1.579520697167756,0.0,0.0,100.0,,,4.044493882091223,,,,,,,,,
88,Elegant Heart Button Cardigan,https://dd3662-08.myshopify.com/products/819312895992004608,2025-02-14 00:00:00+00:00,2025-02-21 00:00:00+00:00,49.95,1.0,49.95,19.980000000000004,29.97,-9.342000000000006,-23.763736263736277,1.2706043956043955,49.95,1.0,99.9,2.0,49.95,39.96000000000001,59.94,20.627999999999993,52.47252747252745,2.541208791208791,39.312000000000005,3633.0,124.0,3.413157170382604,0.8064516129032258,50.0,50.0,39.312000000000005,-18.702702702702716,20.648648648648642,,,,,,,,,
89,Breathable Lightweight Casual Lace-up Shoes,https://dd3662-08.myshopify.com/products/819323505639161856,2025-02-14 00:00:00+00:00,2025-02-21 00:00:00+00:00,0.0,0.0,0.0,0.0,0.0,-24.604799999999997,-100.0,0.0,54.95,1.0,54.95,1.0,54.95,21.980000000000004,32.97,8.365200000000002,33.99824424502537,2.2333040707504233,24.604799999999997,2352.0,55.0,2.33843537414966,0.0,0.0,100.0,,,15.223293903548681,,,,,,,,,
90,Warm Fleece Hat,https://dd3662-08.myshopify.com/products/819597936269721600,2025-02-14 00:00:00+00:00,2025-02-21 00:00:00+00:00,0.0,0.0,0.0,0.0,0.0,-23.2704,-100.0,0.0,0.0,0.0,0.0,0.0,0.0,0.0,0.0,-23.2704,-100.0,0.0,23.2704,3431.0,30.0,0.8743806470416788,0.0,0.0,0.0,,,,,,,,,,,,
91,Women's Double-breasted Coat and Pants Set,https://dd3662-08.myshopify.com/products/819597922369798144,2025-02-14 00:00:00+00:00,2025-02-21 00:00:00+00:00,0.0,0.0,0.0,0.0,0.0,-23.2992,-100.0,0.0,0.0,0.0,0.0,0.0,0.0,0.0,0.0,-23.2992,-100.0,0.0,23.2992,2021.0,67.0,3.3151904997525974,0.0,0.0,0.0,,,,,,,,,,,,
92,Elite Winter Clothing Set,https://dd3662-08.myshopify.com/products/819597944205344768,2025-02-14 00:00:00+00:00,2025-02-21 00:00:00+00:00,719.5500000000001,9.0,79.95,287.82000000000005,431.73,52.80840000000006,13.936497681842383,1.8989416280307065,0.0,0.0,719.5500000000001,9.0,79.95,287.82000000000005,431.73,52.80840000000006,13.936497681842383,1.8989416280307065,378.92159999999996,57209.0,1782.0,3.114894509605132,0.5050505050505051,100.0,0.0,42.102399999999996,7.33908692933084,7.33908692933084,,,,,,,,,
93,Crystal Star Dress,https://dd3662-08.myshopify.com/products/819597982113464320,2025-02-15 00:00:00+00:00,2025-02-22 00:00:00+00:00,0.0,0.0,0.0,0.0,0.0,-36.038399999999996,-100.0,0.0,0.0,0.0,0.0,0.0,0.0,0.0,0.0,-36.038399999999996,-100.0,0.0,36.038399999999996,6573.0,414.0,6.29849383842994,0.0,0.0,0.0,,,,,,,,,,,,
94,Elegant Lace Jumpsuit,https://dd3662-08.myshopify.com/products/820034790286688256,2025-02-15 00:00:00+00:00,2025-02-22 00:00:00+00:00,54.95,1.0,54.95,21.980000000000004,32.97,9.229199999999999,38.874848362312974,2.31458080603855,0.0,0.0,54.95,1.0,54.95,21.980000000000004,32.97,9.229199999999999,38.874848362312974,2.31458080603855,23.7408,1998.0,49.0,2.4524524524524525,2.0408163265306123,100.0,0.0,23.7408,16.79563239308462,16.79563239308462,,,,,,,,,
95,Comfy Block-heeled Loafers,https://dd3662-08.myshopify.com/products/820034782359453696,2025-02-15 00:00:00+00:00,2025-02-22 00:00:00+00:00,0.0,0.0,0.0,0.0,0.0,-23.577599999999997,-100.0,0.0,0.0,0.0,0.0,0.0,0.0,0.0,0.0,-23.577599999999997,-100.0,0.0,23.577599999999997,2152.0,43.0,1.9981412639405203,0.0,0.0,0.0,,,,,,,,,,,,
96,Turtleneck Sweater and Pants Lounge Set,https://dd3662-08.myshopify.com/products/820034779746402304,2025-02-15 00:00:00+00:00,2025-02-22 00:00:00+00:00,0.0,0.0,0.0,0.0,0.0,-23.6064,-100.0,0.0,0.0,0.0,0.0,0.0,0.0,0.0,0.0,-23.6064,-100.0,0.0,23.6064,1568.0,63.0,4.017857142857143,0.0,0.0,0.0,,,,,,,,,,,,
97,Casual Long Sleeve and Jogging Pants Set,https://dd3662-08.myshopify.com/products/820034785123500032,2025-02-16 00:00:00+00:00,2025-02-23 00:00:00+00:00,49.95,1.0,49.95,19.980000000000004,29.97,-0.0779999999999994,-0.25958466453673923,1.6623402555910545,0.0,0.0,49.95,1.0,49.95,19.980000000000004,29.97,-0.0779999999999994,-0.25958466453673923,1.6623402555910545,30.048,2762.0,104.0,3.7653874004344683,0.9615384615384616,100.0,0.0,30.048,-0.15615615615615497,-0.15615615615615497,,,,,,,,,
98,Smooth Silk Satin Shirt,https://dd3662-08.myshopify.com/products/781264077212090368,2025-02-16 00:00:00+00:00,2025-02-23 00:00:00+00:00,0.0,0.0,0.0,0.0,0.0,-25.766399999999997,-100.0,0.0,0.0,0.0,0.0,0.0,0.0,0.0,0.0,-25.766399999999997,-100.0,0.0,25.766399999999997,2356.0,83.0,3.5229202037351444,0.0,0.0,0.0,,,,,,,,,,,,
99,Trendy Leather Hobo Tote Bag [No Sales Found],,2025-02-16 00:00:00+00:00,2025-02-23 00:00:00+00:00,0.0,0.0,0.0,0.0,0.0,-25.872,-100.0,0.0,0.0,0.0,0.0,0.0,0.0,0.0,0.0,-25.872,-100.0,0.0,25.872,2680.0,52.0,1.9402985074626864,0.0,0.0,0.0,,,,,,,,,,,,
100,Safety Leather Ankle Boots,https://dd3662-08.myshopify.com/products/820034798490746880,2025-02-16 00:00:00+00:00,2025-02-23 00:00:00+00:00,359.7,6.0,59.949999999999996,143.88,215.82,40.76400000000001,23.286262681656165,2.0547710446942693,0.0,0.0,359.7,6.0,59.949999999999996,143.88,215.82,40.76400000000001,23.286262681656165,2.0547710446942693,175.05599999999998,26185.0,421.0,1.6077907198777928,1.4251781472684086,100.0,0.0,29.176,11.332777314428693,11.332777314428693,,,,,,,,,
101,Elegant Warm Puffer Jacket,https://dd3662-08.myshopify.com/products/8-217047236429742e-17,2025-02-20 00:00:00+00:00,2025-02-27 00:00:00+00:00,0.0,0.0,0.0,0.0,0.0,-41.731199999999994,-100.0,0.0,0.0,0.0,0.0,0.0,0.0,0.0,0.0,-41.731199999999994,-100.0,0.0,41.731199999999994,4568.0,101.0,2.2110332749562174,0.0,0.0,0.0,,,,,,,,,,,,
102,Rainbow Striped Zip-up Jacket,https://dd3662-08.myshopify.com/products/8-217047313688822e-17,2025-02-20 00:00:00+00:00,2025-02-27 00:00:00+00:00,0.0,0.0,0.0,0.0,0.0,-23.9232,-100.0,0.0,0.0,0.0,0.0,0.0,0.0,0.0,0.0,-23.9232,-100.0,0.0,23.9232,3161.0,51.0,1.6134134767478645,0.0,0.0,0.0,,,,,,,,,,,,
103,Comfortable and Loose Pants,https://dd3662-08.myshopify.com/products/8-217046352773775e-17,2025-02-20 00:00:00+00:00,2025-02-27 00:00:00+00:00,0.0,0.0,0.0,0.0,0.0,-23.318399999999997,-100.0,0.0,0.0,0.0,0.0,0.0,0.0,0.0,0.0,-23.318399999999997,-100.0,0.0,23.318399999999997,2553.0,38.0,1.4884449667058364,0.0,0.0,0.0,,,,,,,,,,,,
104,Corduroy Button-down Jacket,https://dd3662-08.myshopify.com/products/8-217046460567388e-17,2025-02-20 00:00:00+00:00,2025-02-27 00:00:00+00:00,0.0,0.0,0.0,0.0,0.0,-23.865599999999997,-100.0,0.0,0.0,0.0,0.0,0.0,0.0,0.0,0.0,-23.865599999999997,-100.0,0.0,23.865599999999997,4948.0,43.0,0.8690379951495554,0.0,0.0,0.0,,,,,,,,,,,,
105,Windproof Pants,https://dd3662-08.myshopify.com/products/8-217046372738662e-17,2025-02-20 00:00:00+00:00,2025-02-27 00:00:00+00:00,0.0,0.0,0.0,0.0,0.0,-24.671999999999997,-100.0,0.0,0.0,0.0,0.0,0.0,0.0,0.0,0.0,-24.671999999999997,-100.0,0.0,24.671999999999997,2358.0,53.0,2.247667514843087,0.0,0.0,0.0,,,,,,,,,,,,
106,Casual Single Breasted Lapel Wool Coat,https://dd3662-08.myshopify.com/products/821704654386626560,2025-02-21 00:00:00+00:00,2025-02-28 00:00:00+00:00,44.95,1.0,44.95,17.98,26.970000000000002,-15.538799999999998,-36.55431345980126,1.0574281090033124,0.0,0.0,44.95,1.0,44.95,17.98,26.970000000000002,-15.538799999999998,-36.55431345980126,1.0574281090033124,42.5088,3266.0,151.0,4.623392529087568,0.6622516556291391,100.0,0.0,42.5088,-34.569076751946604,-34.569076751946604,,,,,,,,,
107,Casual Ergo Sneakers,https://dd3662-08.myshopify.com/products/8-217047338099671e-17,2025-02-21 00:00:00+00:00,2025-02-28 00:00:00+00:00,0.0,0.0,0.0,0.0,0.0,-27.4944,-100.0,0.0,0.0,0.0,0.0,0.0,0.0,0.0,0.0,-27.4944,-100.0,0.0,27.4944,2557.0,83.0,3.245991396167384,0.0,0.0,0.0,,,,,,,,,,,,
108,Heartbeat Sweater and Pants Set,https://dd3662-08.myshopify.com/products/8-217046696916419e-17,2025-02-21 00:00:00+00:00,2025-02-28 00:00:00+00:00,0.0,0.0,0.0,0.0,0.0,-26.937599999999996,-100.0,0.0,0.0,0.0,0.0,0.0,0.0,0.0,0.0,-26.937599999999996,-100.0,0.0,26.937599999999996,2050.0,43.0,2.097560975609756,0.0,0.0,0.0,,,,,,,,,,,,
109,Casual Herringbone Pattern Trousers,https://dd3662-08.myshopify.com/products/8-217047002387579e-17,2025-02-21 00:00:00+00:00,2025-02-28 00:00:00+00:00,0.0,0.0,0.0,0.0,0.0,-40.809599999999996,-100.0,0.0,0.0,0.0,0.0,0.0,0.0,0.0,0.0,-40.809599999999996,-100.0,0.0,40.809599999999996,6535.0,111.0,1.6985462892119356,0.0,0.0,0.0,,,,,,,,,,,,
110,Women's Comfortable Trail and Walking Shoes,https://dd3662-08.myshopify.com/products/8-217046491521352e-17,2025-02-24 00:00:00+00:00,2025-03-03 00:00:00+00:00,0.0,0.0,0.0,0.0,0.0,-33.6096,-100.0,0.0,0.0,0.0,0.0,0.0,0.0,0.0,0.0,-33.6096,-100.0,0.0,33.6096,3720.0,92.0,2.4731182795698925,0.0,0.0,0.0,,,,,,,,,,,,
111,Classic Leather Jacket,https://dd3662-08.myshopify.com/products/822382575036137472,2025-02-24 00:00:00+00:00,2025-03-03 00:00:00+00:00,89.9,2.0,44.95,35.96,53.940000000000005,16.720800000000004,44.92519989682746,2.4154199982804574,74.95,1.0,164.85000000000002,3.0,54.95000000000001,65.94000000000001,98.91000000000001,61.69080000000001,165.74993551715247,4.4291655919525414,37.2192,5553.0,114.0,2.0529443544030253,1.7543859649122806,54.53442523506218,45.46557476493781,18.6096,18.599332591768636,37.42238398544131,,,,,,,,,
112,Urban Corduroy Shoulder Tote Bag,https://dd3662-08.myshopify.com/products/8-2208047102532e-17,2025-02-24 00:00:00+00:00,2025-03-03 00:00:00+00:00,44.95,1.0,44.95,17.98,26.970000000000002,-6.073199999999996,-18.379575828006963,1.3603404028665507,0.0,0.0,44.95,1.0,44.95,17.98,26.970000000000002,-6.073199999999996,-18.379575828006963,1.3603404028665507,33.0432,4243.0,89.0,2.0975724723073297,1.1235955056179776,100.0,0.0,33.0432,-13.511012235817565,-13.511012235817565,,,,,,,,,
113,Comfy Turtleneck Hooded Sweater,https://dd3662-08.myshopify.com/products/8-220804914767462e-17,2025-02-25 00:00:00+00:00,2025-03-04 00:00:00+00:00,0.0,0.0,0.0,0.0,0.0,-25.699199999999998,-100.0,0.0,0.0,0.0,0.0,0.0,0.0,0.0,0.0,-25.699199999999998,-100.0,0.0,25.699199999999998,3038.0,55.0,1.8104015799868336,0.0,0.0,0.0,,,,,,,,,,,,
114,Trendy Blouse and Pants Set,https://dd3662-08.myshopify.com/products/822386288974888960,2025-02-25 00:00:00+00:00,2025-03-04 00:00:00+00:00,44.95,1.0,44.95,17.98,26.970000000000002,-1.3883999999999972,-4.895903859173992,1.5850682690137667,0.0,0.0,44.95,1.0,44.95,17.98,26.970000000000002,-1.3883999999999972,-4.895903859173992,1.5850682690137667,28.3584,1794.0,75.0,4.1806020066889635,1.3333333333333335,100.0,0.0,28.3584,-3.0887652947719624,-3.0887652947719624,,,,,,,,,
115,Premium Comfort Sneakers,https://dd3662-08.myshopify.com/products/822386282045898752,2025-02-25 00:00:00+00:00,2025-03-04 00:00:00+00:00,0.0,0.0,0.0,0.0,0.0,-60.1248,-100.0,0.0,0.0,0.0,0.0,0.0,0.0,0.0,0.0,-60.1248,-100.0,0.0,60.1248,10652.0,220.0,2.0653398422831395,0.0,0.0,0.0,,,,,,,,,,,,
116,Classic Corduroy Blazer,https://dd3662-08.myshopify.com/products/822386292061896704,2025-02-25 00:00:00+00:00,2025-03-04 00:00:00+00:00,0.0,0.0,0.0,0.0,0.0,-22.310399999999998,-100.0,0.0,0.0,0.0,0.0,0.0,0.0,0.0,0.0,-22.310399999999998,-100.0,0.0,22.310399999999998,2889.0,31.0,1.0730356524749047,0.0,0.0,0.0,,,,,,,,,,,,
117,Elegant Classy Long Dress,https://dd3662-08.myshopify.com/products/822386302518296576,2025-02-25 00:00:00+00:00,2025-03-04 00:00:00+00:00,0.0,0.0,0.0,0.0,0.0,-23.1744,-100.0,0.0,134.85000000000002,3.0,134.85000000000002,3.0,44.95000000000001,53.94000000000001,80.91000000000001,57.73560000000001,249.1352526926264,5.818920878210441,23.1744,2768.0,56.0,2.023121387283237,0.0,0.0,100.0,,,42.8146829810901,,,,,,,,,
118,Soft Comfy Hoodie,https://dd3662-08.myshopify.com/products/822386305752104960,2025-02-26 00:00:00+00:00,2025-03-05 00:00:00+00:00,0.0,0.0,0.0,0.0,0.0,-26.831999999999997,-100.0,0.0,0.0,0.0,0.0,0.0,0.0,0.0,0.0,-26.831999999999997,-100.0,0.0,26.831999999999997,4354.0,67.0,1.53881488286633,0.0,0.0,0.0,,,,,,,,,,,,
119,Casual Supreme Sneakers,https://dd3662-08.myshopify.com/products/822386295509614592,2025-02-26 00:00:00+00:00,2025-03-05 00:00:00+00:00,0.0,0.0,0.0,0.0,0.0,-27.9168,-100.0,0.0,44.95,1.0,44.95,1.0,44.95,17.98,26.970000000000002,-0.9467999999999961,-3.3915061898211687,1.6101415635029805,27.9168,4423.0,83.0,1.876554374858693,0.0,0.0,100.0,,,-2.106340378197989,,,,,,,,,
120,Full Zip-up Dress Jacket,https://dd3662-08.myshopify.com/products/822904755763281920,2025-02-26 00:00:00+00:00,2025-03-05 00:00:00+00:00,64.95,1.0,64.95,25.980000000000004,38.97,14.845200000000002,61.535017906884214,2.6922502984480703,0.0,0.0,64.95,1.0,64.95,25.980000000000004,38.97,14.845200000000002,61.535017906884214,2.6922502984480703,24.124799999999997,1991.0,116.0,5.826217980914113,0.8620689655172413,100.0,0.0,24.124799999999997,22.85635103926097,22.85635103926097,,,,,,,,,
121,Classic Elegant Leather Biker Jacket,https://dd3662-08.myshopify.com/products/822904755616481280,2025-02-26 00:00:00+00:00,2025-03-05 00:00:00+00:00,0.0,0.0,0.0,0.0,0.0,-22.2624,-100.0,0.0,0.0,0.0,0.0,0.0,0.0,0.0,0.0,-22.2624,-100.0,0.0,22.2624,2224.0,43.0,1.9334532374100721,0.0,0.0,0.0,,,,,,,,,,,,
122,Radiant Denim Maxi Dress,https://dd3662-08.myshopify.com/products/822904745290104832,2025-02-26 00:00:00+00:00,2025-03-05 00:00:00+00:00,0.0,0.0,0.0,0.0,0.0,-21.2256,-100.0,0.0,0.0,0.0,0.0,0.0,0.0,0.0,0.0,-21.2256,-100.0,0.0,21.2256,1612.0,43.0,2.6674937965260543,0.0,0.0,0.0,,,,,,,,,,,,
123,Classic Suede Fleece-lined Jacket,https://dd3662-08.myshopify.com/products/822904755318685696,2025-02-26 00:00:00+00:00,2025-03-05 00:00:00+00:00,59.95,1.0,59.95,23.980000000000004,35.97,-44.0076,-55.0249069739527,0.7495848837674549,0.0,0.0,59.95,1.0,59.95,23.980000000000004,35.97,-44.0076,-55.0249069739527,0.7495848837674549,79.9776,6549.0,266.0,4.06168880745152,0.37593984962406013,100.0,0.0,79.9776,-73.40717264386988,-73.40717264386988,,,,,,,,,
124,Short Button-down Wool Coat,https://dd3662-08.myshopify.com/products/811239043051290624,2025-02-28 00:00:00+00:00,2025-03-07 00:00:00+00:00,49.95,1.0,49.95,19.980000000000004,29.97,4.904399999999999,19.566258138644194,1.9927709689774034,0.0,0.0,49.95,1.0,49.95,19.980000000000004,29.97,4.904399999999999,19.566258138644194,1.9927709689774034,25.0656,4188.0,331.0,7.903533906399236,0.3021148036253776,100.0,0.0,25.0656,9.818618618618617,9.818618618618617,,,,,,,,,
125,Elegant Casual Shirt,https://dd3662-08.myshopify.com/products/823939178185097216,2025-02-28 00:00:00+00:00,2025-03-07 00:00:00+00:00,0.0,0.0,0.0,0.0,0.0,-26.5248,-100.0,0.0,99.9,2.0,99.9,2.0,49.95,39.96000000000001,59.94,33.4152,125.9771986970684,3.7662866449511405,26.5248,1532.0,102.0,6.657963446475196,0.0,0.0,100.0,,,33.44864864864864,,,,,,,,,
126,Trendy Fashionable Art Printed Shirt,https://dd3662-08.myshopify.com/products/823939122547654656,2025-02-28 00:00:00+00:00,2025-03-07 00:00:00+00:00,0.0,0.0,0.0,0.0,0.0,-23.4624,-100.0,0.0,0.0,0.0,0.0,0.0,0.0,0.0,0.0,-23.4624,-100.0,0.0,23.4624,1681.0,89.0,5.29446757882213,0.0,0.0,0.0,,,,,,,,,,,,
127,Elegant Single-button Wool Coat,https://dd3662-08.myshopify.com/products/823939176662564864,2025-02-28 00:00:00+00:00,2025-03-07 00:00:00+00:00,0.0,0.0,0.0,0.0,0.0,-68.0832,-100.0,0.0,0.0,0.0,0.0,0.0,0.0,0.0,0.0,-68.0832,-100.0,0.0,68.0832,7014.0,381.0,5.431993156544055,0.0,0.0,0.0,,,,,,,,,,,,
128,Classic Floral Button-down Shirt,https://dd3662-08.myshopify.com/products/824294251511676928,2025-02-28 00:00:00+00:00,2025-03-07 00:00:00+00:00,44.95,1.0,44.95,17.98,26.970000000000002,-1.0139999999999958,-3.623499142367052,1.6062750142938824,0.0,0.0,44.95,1.0,44.95,17.98,26.970000000000002,-1.0139999999999958,-3.623499142367052,1.6062750142938824,27.983999999999998,3030.0,212.0,6.996699669966996,0.4716981132075472,100.0,0.0,27.983999999999998,-2.255839822024462,-2.255839822024462,,,,,,,,,
129,Short Button-down Wool Coat,https://dd3662-08.myshopify.com/products/811239043051290624,2025-03-02 00:00:00+00:00,2025-03-09 00:00:00+00:00,49.95,1.0,49.95,19.980000000000004,29.97,-101.51160000000002,-77.20593603971963,0.3799010660046729,0.0,0.0,49.95,1.0,49.95,19.980000000000004,29.97,-101.51160000000002,-77.20593603971963,0.3799010660046729,131.48160000000001,12561.0,509.0,4.052225141310405,0.19646365422396855,100.0,0.0,131.48160000000001,-203.22642642642643,-203.22642642642643,,,,,,,,,
130,Hooded Parka with Circular Quilting,https://dd3662-08.myshopify.com/products/824294260642676736,2025-03-01 00:00:00+00:00,2025-03-08 00:00:00+00:00,0.0,0.0,0.0,0.0,0.0,-75.696,-100.0,0.0,0.0,0.0,0.0,0.0,0.0,0.0,0.0,-75.696,-100.0,0.0,75.696,6292.0,360.0,5.72155117609663,0.0,0.0,0.0,,,,,,,,,,,,
131,Elegant Long Sleeved Dress,https://dd3662-08.myshopify.com/products/824294253361364992,2025-03-01 00:00:00+00:00,2025-03-08 00:00:00+00:00,0.0,0.0,0.0,0.0,0.0,-22.444799999999997,-100.0,0.0,0.0,0.0,0.0,0.0,0.0,0.0,0.0,-22.444799999999997,-100.0,0.0,22.444799999999997,1497.0,43.0,2.8724114896459585,0.0,0.0,0.0,,,,,,,,,,,,
132,Elegant and Comfortable Turtleneck Sweater,https://dd3662-08.myshopify.com/products/799023666133204992,2025-03-01 00:00:00+00:00,2025-03-08 00:00:00+00:00,0.0,0.0,0.0,0.0,0.0,-32.9088,-100.0,0.0,0.0,0.0,0.0,0.0,0.0,0.0,0.0,-32.9088,-100.0,0.0,32.9088,1400.0,112.0,8.0,0.0,0.0,0.0,,,,,,,,,,,,
133,Vintage Stripe and Letter Printed Button-down Jacket,https://dd3662-08.myshopify.com/products/824294256146382848,2025-03-01 00:00:00+00:00,2025-03-08 00:00:00+00:00,0.0,0.0,0.0,0.0,0.0,-23.059199999999997,-100.0,0.0,0.0,0.0,0.0,0.0,0.0,0.0,0.0,-23.059199999999997,-100.0,0.0,23.059199999999997,1490.0,51.0,3.422818791946309,0.0,0.0,0.0,,,,,,,,,,,,
134,Bi-color Classic Polo Shirt,https://dd3662-08.myshopify.com/products/824294249271918592,2025-03-01 00:00:00+00:00,2025-03-08 00:00:00+00:00,44.95,1.0,44.95,17.98,26.970000000000002,6.234000000000002,30.063657407407412,2.1677276234567904,0.0,0.0,44.95,1.0,44.95,17.98,26.970000000000002,6.234000000000002,30.063657407407412,2.1677276234567904,20.736,1161.0,30.0,2.5839793281653747,3.3333333333333335,100.0,0.0,20.736,13.868743047830925,13.868743047830925,,,,,,,,,
135,Elegant and Refined Ruffled Shirt,https://dd3662-08.myshopify.com/products/824634744502222848,2025-03-03 00:00:00+00:00,2025-03-10 00:00:00+00:00,34.95,1.0,34.95,13.980000000000002,20.97,-58.9404,-73.75810908217203,0.4373648486304662,69.9,2.0,104.85000000000001,3.0,34.95,41.940000000000005,62.910000000000004,-17.000399999999992,-21.27432724651609,1.3120945458913986,79.9104,7826.0,421.0,5.379504216713519,0.23752969121140144,33.33333333333333,66.66666666666666,79.9104,-168.64206008583687,-16.214020028612293,,,,,,,,,
136,Elegant Evening Dress with Floral Charm,https://dd3662-08.myshopify.com/products/819597986307768320,2025-03-03 00:00:00+00:00,2025-03-10 00:00:00+00:00,1303.5500000000004,29.0,44.95000000000002,521.4200000000002,782.1300000000002,72.37320000000022,10.196901248427661,1.8366150208071277,539.4,12.0,1842.9500000000003,41.0,44.95000000000001,737.1800000000002,1105.77,396.0132,55.79561900639768,2.5965936501066285,709.7568,111439.0,4626.0,4.151149956478433,0.6268914829226113,70.73170731707317,29.268292682926823,24.474372413793102,5.552007978213356,21.488005643126503,,,,,,,,,
137,Comfy Drawstring Trousers,https://dd3662-08.myshopify.com/products/824634763951210496,2025-03-03 00:00:00+00:00,2025-03-10 00:00:00+00:00,0.0,0.0,0.0,0.0,0.0,-31.6896,-100.0,0.0,0.0,0.0,0.0,0.0,0.0,0.0,0.0,-31.6896,-100.0,0.0,31.6896,1368.0,37.0,2.7046783625730995,0.0,0.0,0.0,,,,,,,,,,,,
138,Four-Striped Hooded Sweater,https://dd3662-08.myshopify.com/products/824634746528071680,2025-03-03 00:00:00+00:00,2025-03-10 00:00:00+00:00,0.0,0.0,0.0,0.0,0.0,-32.4288,-100.0,0.0,0.0,0.0,0.0,0.0,0.0,0.0,0.0,-32.4288,-100.0,0.0,32.4288,4264.0,169.0,3.9634146341463414,0.0,0.0,0.0,,,,,,,,,,,,
139,Stylish Short-sleeved Polo Shirt,https://dd3662-08.myshopify.com/products/824634785451212800,2025-03-03 00:00:00+00:00,2025-03-10 00:00:00+00:00,0.0,0.0,0.0,0.0,0.0,-43.3056,-100.0,0.0,0.0,0.0,0.0,0.0,0.0,0.0,0.0,-43.3056,-100.0,0.0,43.3056,3188.0,94.0,2.9485570890840656,0.0,0.0,0.0,,,,,,,,,,,,
140,Classic Two-button Blazer,https://dd3662-08.myshopify.com/products/824988531112804352,2025-03-04 00:00:00+00:00,2025-03-11 00:00:00+00:00,0.0,0.0,0.0,0.0,0.0,-25.4016,-100.0,0.0,0.0,0.0,0.0,0.0,0.0,0.0,0.0,-25.4016,-100.0,0.0,25.4016,3036.0,144.0,4.743083003952568,0.0,0.0,0.0,,,,,,,,,,,,
141,Loose Casual Lounge Set,https://dd3662-08.myshopify.com/products/817820007248429056,2025-03-04 00:00:00+00:00,2025-03-11 00:00:00+00:00,0.0,0.0,0.0,0.0,0.0,-26.928,-100.0,0.0,0.0,0.0,0.0,0.0,0.0,0.0,0.0,-26.928,-100.0,0.0,26.928,1641.0,86.0,5.2407068860450945,0.0,0.0,0.0,,,,,,,,,,,,
142,Steel Toe Safety Shoes,https://dd3662-08.myshopify.com/products/818915744933740544,2025-03-04 00:00:00+00:00,2025-03-11 00:00:00+00:00,0.0,0.0,0.0,0.0,0.0,-28.147199999999998,-100.0,0.0,0.0,0.0,0.0,0.0,0.0,0.0,0.0,-28.147199999999998,-100.0,0.0,28.147199999999998,2313.0,73.0,3.156074362300043,0.0,0.0,0.0,,,,,,,,,,,,
143,Classic Corduroy Button-down Jacket,https://dd3662-08.myshopify.com/products/825400510801510400,2025-03-05 00:00:00+00:00,2025-03-12 00:00:00+00:00,0.0,0.0,0.0,0.0,0.0,-32.0544,-100.0,0.0,0.0,0.0,0.0,0.0,0.0,0.0,0.0,-32.0544,-100.0,0.0,32.0544,2750.0,76.0,2.7636363636363637,0.0,0.0,0.0,,,,,,,,,,,,
144,Elegant Floral Dress,https://dd3662-08.myshopify.com/products/819597976149164032,2025-03-04 00:00:00+00:00,2025-03-11 00:00:00+00:00,359.6,8.0,44.95,143.84,215.76000000000002,173.53920000000002,411.02773988176455,8.517128998029408,89.9,2.0,449.5,10.0,44.95,179.8,269.7,227.4792,538.7846748522055,10.64641124753676,42.2208,6052.0,410.0,6.774619960343688,1.951219512195122,80.0,20.0,5.2776,48.25895439377086,50.60716351501669,,,,,,,,,
145,Heartbeat Sweater and Pants Set,https://dd3662-08.myshopify.com/products/8-217046696916419e-17,2025-03-04 00:00:00+00:00,2025-03-11 00:00:00+00:00,0.0,0.0,0.0,0.0,0.0,-41.7216,-100.0,0.0,0.0,0.0,0.0,0.0,0.0,0.0,0.0,-41.7216,-100.0,0.0,41.7216,3878.0,116.0,2.9912325941206808,0.0,0.0,0.0,,,,,,,,,,,,
146,Soft Wide Comfort Shoes,https://dd3662-08.myshopify.com/products/824987737361743872,2025-03-05 00:00:00+00:00,2025-03-12 00:00:00+00:00,0.0,0.0,0.0,0.0,0.0,-15.6096,-100.0,0.0,0.0,0.0,0.0,0.0,0.0,0.0,0.0,-15.6096,-100.0,0.0,15.6096,1217.0,49.0,4.026294165981923,0.0,0.0,0.0,,,,,,,,,,,,
147,Loose-Fitted Ruffle Dress,https://dd3662-08.myshopify.com/products/824987737382715392,2025-03-05 00:00:00+00:00,2025-03-12 00:00:00+00:00,44.95,1.0,44.95,17.98,26.970000000000002,-48.91799999999999,-64.46078431372548,0.5923202614379086,0.0,0.0,44.95,1.0,44.95,17.98,26.970000000000002,-48.91799999999999,-64.46078431372548,0.5923202614379086,75.88799999999999,5898.0,452.0,7.66361478467277,0.22123893805309736,100.0,0.0,75.88799999999999,-108.82758620689653,-108.82758620689653,,,,,,,,,
148,Elegant 2 Piece Set,https://dd3662-08.myshopify.com/products/812339355698855936,2025-03-05 00:00:00+00:00,2025-03-12 00:00:00+00:00,0.0,0.0,0.0,0.0,0.0,-15.3408,-100.0,0.0,0.0,0.0,0.0,0.0,0.0,0.0,0.0,-15.3408,-100.0,0.0,15.3408,1337.0,65.0,4.861630516080777,0.0,0.0,0.0,,,,,,,,,,,,
149,Elegant Two-piece Pants and Cardigan Set,https://dd3662-08.myshopify.com/products/825400508041658368,2025-03-05 00:00:00+00:00,2025-03-12 00:00:00+00:00,199.8,4.0,49.95,79.92000000000002,119.88,40.38239999999999,50.79700519260957,2.5132834198768266,0.0,0.0,199.8,4.0,49.95,79.92000000000002,119.88,40.38239999999999,50.79700519260957,2.5132834198768266,79.4976,3958.0,286.0,7.225871652349672,1.3986013986013985,100.0,0.0,19.8744,20.211411411411405,20.211411411411405,,,,,,,,,
150,Cargo Jogger Pants,https://dd3662-08.myshopify.com/products/825400519055900672,2025-03-06 00:00:00+00:00,2025-03-13 00:00:00+00:00,0.0,0.0,0.0,0.0,0.0,-36.192,-100.0,0.0,0.0,0.0,0.0,0.0,0.0,0.0,0.0,-36.192,-100.0,0.0,36.192,2657.0,169.0,6.360557019194581,0.0,0.0,0.0,,,,,,,,,,,,
151,Breathable Sport Shoes,https://dd3662-08.myshopify.com/products/817347362673393664,2025-03-06 00:00:00+00:00,2025-03-13 00:00:00+00:00,0.0,0.0,0.0,0.0,0.0,-22.1088,-100.0,0.0,0.0,0.0,0.0,0.0,0.0,0.0,0.0,-22.1088,-100.0,0.0,22.1088,2242.0,53.0,2.3639607493309547,0.0,0.0,0.0,,,,,,,,,,,,
152,Leopard Print Blazer and Pants Set,https://dd3662-08.myshopify.com/products/826521387123343360,2025-03-06 00:00:00+00:00,2025-03-13 00:00:00+00:00,0.0,0.0,0.0,0.0,0.0,-23.7216,-100.0,0.0,0.0,0.0,0.0,0.0,0.0,0.0,0.0,-23.7216,-100.0,0.0,23.7216,1219.0,81.0,6.6447908121411,0.0,0.0,0.0,,,,,,,,,,,,
153,Comfortable and Flexible Clogs,https://dd3662-08.myshopify.com/products/826521395671334912,2025-03-06 00:00:00+00:00,2025-03-13 00:00:00+00:00,0.0,0.0,0.0,0.0,0.0,-22.771199999999997,-100.0,0.0,0.0,0.0,0.0,0.0,0.0,0.0,0.0,-22.771199999999997,-100.0,0.0,22.771199999999997,2589.0,129.0,4.9826187717265356,0.0,0.0,0.0,,,,,,,,,,,,
154,Elegant Evening Dress with Floral Charm,https://dd3662-08.myshopify.com/products/819597986307768320,2025-03-05 00:00:00+00:00,2025-03-12 00:00:00+00:00,1393.4500000000005,31.0,44.95000000000002,557.3800000000002,836.0700000000003,296.4444000000003,54.93519951610901,2.5822533252684834,269.7,6.0,1663.1500000000005,37.0,44.95000000000002,665.2600000000002,997.8900000000003,458.26440000000036,84.92265748696882,3.0820442914494803,539.6256,67699.0,3305.0,4.88190372088214,0.9379727685325264,83.78378378378379,16.21621621621621,17.407277419354838,21.27413254871005,27.554002946216528,,,,,,,,,
155,Vintage Style Casual Suede Loafers,https://dd3662-08.myshopify.com/products/826521433621397504,2025-03-07 00:00:00+00:00,2025-03-14 00:00:00+00:00,0.0,0.0,0.0,0.0,0.0,-18.3648,-100.0,0.0,0.0,0.0,0.0,0.0,0.0,0.0,0.0,-18.3648,-100.0,0.0,18.3648,1409.0,27.0,1.9162526614620299,0.0,0.0,0.0,,,,,,,,,,,,
156,Casual Trendy Shirt,https://dd3662-08.myshopify.com/products/826891151947595776,2025-03-07 00:00:00+00:00,2025-03-14 00:00:00+00:00,0.0,0.0,0.0,0.0,0.0,-20.572799999999997,-100.0,0.0,0.0,0.0,0.0,0.0,0.0,0.0,0.0,-20.572799999999997,-100.0,0.0,20.572799999999997,1121.0,44.0,3.9250669045495097,0.0,0.0,0.0,,,,,,,,,,,,
157,Leopard Print V-Neck Jumpsuit,https://dd3662-08.myshopify.com/products/826891201490714624,2025-03-07 00:00:00+00:00,2025-03-14 00:00:00+00:00,0.0,0.0,0.0,0.0,0.0,-17.3664,-100.0,0.0,0.0,0.0,0.0,0.0,0.0,0.0,0.0,-17.3664,-100.0,0.0,17.3664,1752.0,28.0,1.5981735159817352,0.0,0.0,0.0,,,,,,,,,,,,
158,Lightweight and Ergonomic Loafers,https://dd3662-08.myshopify.com/products/826891208579088384,2025-03-07 00:00:00+00:00,2025-03-14 00:00:00+00:00,0.0,0.0,0.0,0.0,0.0,-37.852799999999995,-100.0,0.0,0.0,0.0,0.0,0.0,0.0,0.0,0.0,-37.852799999999995,-100.0,0.0,37.852799999999995,6883.0,150.0,2.179282289699259,0.0,0.0,0.0,,,,,,,,,,,,
159,Elegant Classy Long Dress,https://dd3662-08.myshopify.com/products/822386302518296576,2025-03-07 00:00:00+00:00,2025-03-14 00:00:00+00:00,89.9,2.0,44.95,35.96,53.940000000000005,14.724000000000004,37.54589963280295,2.2924316605467157,0.0,0.0,89.9,2.0,44.95,35.96,53.940000000000005,14.724000000000004,37.54589963280295,2.2924316605467157,39.216,2944.0,97.0,3.2948369565217392,2.0618556701030926,100.0,0.0,19.608,16.37819799777531,16.37819799777531,,,,,,,,,
160,Elegant Two-piece Pants and Cardigan Set,https://dd3662-08.myshopify.com/products/825400508041658368,2025-03-07 00:00:00+00:00,2025-03-14 00:00:00+00:00,99.9,2.0,49.95,39.96000000000001,59.94,34.5096,135.7021517553794,3.9283691959229903,0.0,0.0,99.9,2.0,49.95,39.96000000000001,59.94,34.5096,135.7021517553794,3.9283691959229903,25.4304,2504.0,94.0,3.753993610223642,2.127659574468085,100.0,0.0,12.7152,34.54414414414414,34.54414414414414,,,,,,,,,
161,Elegant Floral Dress,https://dd3662-08.myshopify.com/products/819597976149164032,2025-03-08 00:00:00+00:00,2025-03-15 00:00:00+00:00,269.7,6.0,44.949999999999996,107.88,161.82,86.3064,114.29252479023646,3.5715420798372746,0.0,0.0,269.7,6.0,44.949999999999996,107.88,161.82,86.3064,114.29252479023646,3.5715420798372746,75.5136,10288.0,236.0,2.29393468118196,2.5423728813559325,100.0,0.0,12.5856,32.000889877641825,32.000889877641825,,,,,,,,,
162,Classic Leather Jacket,https://dd3662-08.myshopify.com/products/822382575036137472,2025-03-08 00:00:00+00:00,2025-03-15 00:00:00+00:00,74.95,1.0,74.95,29.980000000000004,44.97,-7.3211999999999975,-14.000826142830913,1.4333195642861516,0.0,0.0,74.95,1.0,74.95,29.980000000000004,44.97,-7.3211999999999975,-14.000826142830913,1.4333195642861516,52.291199999999996,5364.0,239.0,4.455630126771067,0.41841004184100417,100.0,0.0,52.291199999999996,-9.768112074716475,-9.768112074716475,,,,,,,,,
163,Elegant Evening Dress with Floral Charm,https://dd3662-08.myshopify.com/products/819597986307768320,2025-03-08 00:00:00+00:00,2025-03-15 00:00:00+00:00,1078.8000000000002,24.0,44.95000000000001,431.5200000000001,647.2800000000001,441.3504000000001,214.32101067549306,5.238683511258217,0.0,0.0,1078.8000000000002,24.0,44.95000000000001,431.5200000000001,647.2800000000001,441.3504000000001,214.32101067549306,5.238683511258217,205.9296,23277.0,1062.0,4.562443613867766,2.2598870056497176,100.0,0.0,8.5804,40.91123470522803,40.91123470522803,,,,,,,,,
164,Retro Corduroy Blazer,https://dd3662-08.myshopify.com/products/826891154485149696,2025-03-09 00:00:00+00:00,2025-03-16 00:00:00+00:00,0.0,0.0,0.0,0.0,0.0,-31.593599999999995,-100.0,0.0,0.0,0.0,0.0,0.0,0.0,0.0,0.0,-31.593599999999995,-100.0,0.0,31.593599999999995,2111.0,56.0,2.652771198484131,0.0,0.0,0.0,,,,,,,,,,,,
165,Printed Boho Dress,https://dd3662-08.myshopify.com/products/826891210906927104,2025-03-09 00:00:00+00:00,2025-03-16 00:00:00+00:00,0.0,0.0,0.0,0.0,0.0,-26.3808,-100.0,0.0,0.0,0.0,0.0,0.0,0.0,0.0,0.0,-26.3808,-100.0,0.0,26.3808,1588.0,71.0,4.471032745591939,0.0,0.0,0.0,,,,,,,,,,,,
166,Windproof Wool Jacket,https://dd3662-08.myshopify.com/products/806626977787150336,2025-03-09 00:00:00+00:00,2025-03-16 00:00:00+00:00,0.0,0.0,0.0,0.0,0.0,-27.2832,-100.0,0.0,0.0,0.0,0.0,0.0,0.0,0.0,0.0,-27.2832,-100.0,0.0,27.2832,699.0,71.0,10.157367668097281,0.0,0.0,0.0,,,,,,,,,,,,
167,Pebbled Leather Keylock Handbag,https://dd3662-08.myshopify.com/products/826891205768904704,2025-03-09 00:00:00+00:00,2025-03-16 00:00:00+00:00,104.95,1.0,104.95,41.980000000000004,62.97,-113.5068,-64.31825599738889,0.5946957333768518,0.0,0.0,104.95,1.0,104.95,41.980000000000004,62.97,-113.5068,-64.31825599738889,0.5946957333768518,176.4768,10660.0,506.0,4.74671669793621,0.1976284584980237,100.0,0.0,176.4768,-108.15321581705572,-108.15321581705572,,,,,,,,,
168,Waterproof Leather Shoes,https://dd3662-08.myshopify.com/products/827239621124423680,2025-03-10 00:00:00+00:00,2025-03-17 00:00:00+00:00,0.0,0.0,0.0,0.0,0.0,-24.1536,-100.0,0.0,0.0,0.0,0.0,0.0,0.0,0.0,0.0,-24.1536,-100.0,0.0,24.1536,1205.0,67.0,5.560165975103734,0.0,0.0,0.0,,,,,,,,,,,,
169,Outdoor Suede Shoes,https://dd3662-08.myshopify.com/products/827239633006886912,2025-03-10 00:00:00+00:00,2025-03-17 00:00:00+00:00,419.6,8.0,52.45,167.84000000000003,251.76,19.497600000000006,8.394643299991737,1.8065773883331957,0.0,0.0,419.6,8.0,52.45,167.84000000000003,251.76,19.497600000000006,8.394643299991737,1.8065773883331957,232.26239999999999,28791.0,670.0,2.3271161126740996,1.1940298507462688,100.0,0.0,29.032799999999998,4.646711153479505,4.646711153479505,,,,,,,,,
170,Classic Orthopedic Strap Sandals,https://dd3662-08.myshopify.com/products/827239649624719360,2025-03-10 00:00:00+00:00,2025-03-17 00:00:00+00:00,0.0,0.0,0.0,0.0,0.0,-24.2208,-100.0,0.0,0.0,0.0,0.0,0.0,0.0,0.0,0.0,-24.2208,-100.0,0.0,24.2208,3233.0,74.0,2.2888957624497372,0.0,0.0,0.0,,,,,,,,,,,,
171,Glamorous Satin Halter Dress,https://dd3662-08.myshopify.com/products/827606527618580480,2025-03-10 00:00:00+00:00,2025-03-17 00:00:00+00:00,44.95,1.0,44.95,17.98,26.970000000000002,1.203600000000005,4.671199701937427,1.7445199950322905,0.0,0.0,44.95,1.0,44.95,17.98,26.970000000000002,1.203600000000005,4.671199701937427,1.7445199950322905,25.766399999999997,2014.0,76.0,3.7735849056603774,1.3157894736842104,100.0,0.0,25.766399999999997,2.677641824249177,2.677641824249177,,,,,,,,,
172,Elegant Floral Pattern Dress,https://dd3662-08.myshopify.com/products/827606534736314368,2025-03-10 00:00:00+00:00,2025-03-17 00:00:00+00:00,0.0,0.0,0.0,0.0,0.0,-43.257600000000004,-100.0,0.0,0.0,0.0,0.0,0.0,0.0,0.0,0.0,-43.257600000000004,-100.0,0.0,43.257600000000004,2827.0,141.0,4.987619384506544,0.0,0.0,0.0,,,,,,,,,,,,
173,Elegant Evening Dress with Floral Charm,https://dd3662-08.myshopify.com/products/819597986307768320,2025-03-10 00:00:00+00:00,2025-03-17 00:00:00+00:00,539.4,12.0,44.949999999999996,215.76,323.64,294.4656,1009.3287265547877,18.488812109246464,0.0,0.0,539.4,12.0,44.949999999999996,215.76,323.64,294.4656,1009.3287265547877,18.488812109246464,29.1744,3574.0,155.0,4.336877448237269,7.741935483870968,100.0,0.0,2.4312,54.59132369299221,54.59132369299221,,,,,,,,,
174,Pebbled Leather Keylock Handbag,https://dd3662-08.myshopify.com/products/826891205768904704,2025-03-11 00:00:00+00:00,2025-03-18 00:00:00+00:00,0.0,0.0,0.0,0.0,0.0,-28.8288,-100.0,0.0,0.0,0.0,0.0,0.0,0.0,0.0,0.0,-28.8288,-100.0,0.0,28.8288,2066.0,83.0,4.017424975798645,0.0,0.0,0.0,,,,,,,,,,,,
175,Outdoor Suede Shoes,https://dd3662-08.myshopify.com/products/827239633006886912,2025-03-11 00:00:00+00:00,2025-03-18 00:00:00+00:00,329.7,6.0,54.949999999999996,131.88,197.82,165.3336,508.9317375886524,10.148862293144207,0.0,0.0,329.7,6.0,54.949999999999996,131.88,197.82,165.3336,508.9317375886524,10.148862293144207,32.4864,2355.0,75.0,3.1847133757961785,8.0,100.0,0.0,5.4144000000000005,50.1466787989081,50.1466787989081,,,,,,,,,
176,Elegant Two-piece Pants and Cardigan Set,https://dd3662-08.myshopify.com/products/825400508041658368,2025-03-11 00:00:00+00:00,2025-03-18 00:00:00+00:00,0.0,0.0,0.0,0.0,0.0,-27.1104,-100.0,0.0,0.0,0.0,0.0,0.0,0.0,0.0,0.0,-27.1104,-100.0,0.0,27.1104,1270.0,53.0,4.173228346456693,0.0,0.0,0.0,,,,,,,,,,,,
177,Zip-up Cotton Bomber Jacket,https://dd3662-08.myshopify.com/products/827239647418515456,2025-03-11 00:00:00+00:00,2025-03-18 00:00:00+00:00,0.0,0.0,0.0,0.0,0.0,-29.2224,-100.0,0.0,0.0,0.0,0.0,0.0,0.0,0.0,0.0,-29.2224,-100.0,0.0,29.2224,3011.0,71.0,2.3580205911657255,0.0,0.0,0.0,,,,,,,,,,,,
178,Rectangle Pattern Knitted Pullover Sweater,https://dd3662-08.myshopify.com/products/827606524539961344,2025-03-11 00:00:00+00:00,2025-03-18 00:00:00+00:00,0.0,0.0,0.0,0.0,0.0,-28.223999999999997,-100.0,0.0,0.0,0.0,0.0,0.0,0.0,0.0,0.0,-28.223999999999997,-100.0,0.0,28.223999999999997,1197.0,88.0,7.351712614870509,0.0,0.0,0.0,,,,,,,,,,,,
179,Casual Pinstripe Trousers,https://dd3662-08.myshopify.com/products/827606519653597184,2025-03-12 00:00:00+00:00,2025-03-19 00:00:00+00:00,0.0,0.0,0.0,0.0,0.0,-23.3952,-100.0,0.0,0.0,0.0,0.0,0.0,0.0,0.0,0.0,-23.3952,-100.0,0.0,23.3952,1169.0,28.0,2.3952095808383236,0.0,0.0,0.0,,,,,,,,,,,,
180,2-Way Woven Leather Tote Bag,https://dd3662-08.myshopify.com/products/827606516746944512,2025-03-12 00:00:00+00:00,2025-03-19 00:00:00+00:00,119.9,2.0,59.95,47.96000000000001,71.94,31.2168,76.65605846298915,2.9442676410498194,0.0,0.0,119.9,2.0,59.95,47.96000000000001,71.94,31.2168,76.65605846298915,2.9442676410498194,40.7232,3350.0,102.0,3.044776119402985,1.9607843137254901,100.0,0.0,20.3616,26.03569641367806,26.03569641367806,,,,,,,,,
181,Elegant Ruffled Long Dress,https://dd3662-08.myshopify.com/products/827606522119847936,2025-03-12 00:00:00+00:00,2025-03-19 00:00:00+00:00,49.95,1.0,49.95,19.980000000000004,29.97,-7.2012,-19.373063016528928,1.3437822830578514,0.0,0.0,49.95,1.0,49.95,19.980000000000004,29.97,-7.2012,-19.373063016528928,1.3437822830578514,37.1712,3633.0,154.0,4.238921001926782,0.6493506493506493,100.0,0.0,37.1712,-14.416816816816816,-14.416816816816816,,,,,,,,,
182,Classic Lace Blazer,https://dd3662-08.myshopify.com/products/827606531460562944,2025-03-12 00:00:00+00:00,2025-03-19 00:00:00+00:00,0.0,0.0,0.0,0.0,0.0,-23.279999999999998,-100.0,0.0,0.0,0.0,0.0,0.0,0.0,0.0,0.0,-23.279999999999998,-100.0,0.0,23.279999999999998,1298.0,47.0,3.62095531587057,0.0,0.0,0.0,,,,,,,,,,,,
183,Orthopedic Shoes for Men,https://dd3662-08.myshopify.com/products/827981010019811328,2025-03-12 00:00:00+00:00,2025-03-19 00:00:00+00:00,0.0,0.0,0.0,0.0,0.0,-22.3872,-100.0,0.0,0.0,0.0,0.0,0.0,0.0,0.0,0.0,-22.3872,-100.0,0.0,22.3872,4510.0,27.0,0.598669623059867,0.0,0.0,0.0,,,,,,,,,,,,
184,Premium Elegant Wrap Dress,https://dd3662-08.myshopify.com/products/819597954372337664,2025-03-12 00:00:00+00:00,2025-03-19 00:00:00+00:00,119.85000000000001,3.0,39.95,47.940000000000005,71.91,50.9148,242.50685871056243,5.70844764517604,0.0,0.0,119.85000000000001,3.0,39.95,47.940000000000005,71.91,50.9148,242.50685871056243,5.70844764517604,20.9952,1673.0,71.0,4.243873281530186,4.225352112676056,100.0,0.0,6.9984,42.482102628285354,42.482102628285354,,,,,,,,,
185,Lightweight Casual Pants,https://dd3662-08.myshopify.com/products/827980859737899008,2025-03-13 00:00:00+00:00,2025-03-20 00:00:00+00:00,0.0,0.0,0.0,0.0,0.0,-23.529600000000002,-100.0,0.0,0.0,0.0,0.0,0.0,0.0,0.0,0.0,-23.529600000000002,-100.0,0.0,23.529600000000002,1188.0,38.0,3.1986531986531985,0.0,0.0,0.0,,,,,,,,,,,,
186,Elegant Patterned Pants,https://dd3662-08.myshopify.com/products/827980942852227072,2025-03-13 00:00:00+00:00,2025-03-20 00:00:00+00:00,44.95,1.0,44.95,17.98,26.970000000000002,3.3060000000000045,13.970588235294137,1.899509803921569,0.0,0.0,44.95,1.0,44.95,17.98,26.970000000000002,3.3060000000000045,13.970588235294137,1.899509803921569,23.663999999999998,1930.0,22.0,1.1398963730569949,4.545454545454546,100.0,0.0,23.663999999999998,7.354838709677429,7.354838709677429,,,,,,,,,
187,Elegant Blazer with Pattern,https://dd3662-08.myshopify.com/products/829025153059913728,2025-03-13 00:00:00+00:00,2025-03-20 00:00:00+00:00,0.0,0.0,0.0,0.0,0.0,-29.6928,-100.0,0.0,0.0,0.0,0.0,0.0,0.0,0.0,0.0,-29.6928,-100.0,0.0,29.6928,2403.0,75.0,3.1210986267166043,0.0,0.0,0.0,,,,,,,,,,,,
188,Elegant 2 Piece Set,https://dd3662-08.myshopify.com/products/812339355698855936,2025-03-14 00:00:00+00:00,2025-03-21 00:00:00+00:00,0.0,0.0,0.0,0.0,0.0,-21.0048,-100.0,0.0,0.0,0.0,0.0,0.0,0.0,0.0,0.0,-21.0048,-100.0,0.0,21.0048,1324.0,55.0,4.1540785498489425,0.0,0.0,0.0,,,,,,,,,,,,
189,Pebbled Leather Keylock Handbag,https://dd3662-08.myshopify.com/products/826891205768904704,2025-03-14 00:00:00+00:00,2025-03-21 00:00:00+00:00,0.0,0.0,0.0,0.0,0.0,-37.1808,-100.0,0.0,0.0,0.0,0.0,0.0,0.0,0.0,0.0,-37.1808,-100.0,0.0,37.1808,3034.0,135.0,4.4495715227422545,0.0,0.0,0.0,,,,,,,,,,,,
190,Outdoor Suede Shoes,https://dd3662-08.myshopify.com/products/827239633006886912,2025-03-14 00:00:00+00:00,2025-03-21 00:00:00+00:00,54.95,1.0,54.95,21.980000000000004,32.97,12.262799999999999,59.21998145572553,2.653666357595426,0.0,0.0,54.95,1.0,54.95,21.980000000000004,32.97,12.262799999999999,59.21998145572553,2.653666357595426,20.7072,3875.0,65.0,1.6774193548387095,1.5384615384615385,100.0,0.0,20.7072,22.316287534121926,22.316287534121926,,,,,,,,,
191,Orthopedic Shoes for Men,https://dd3662-08.myshopify.com/products/827981010019811328,2025-03-14 00:00:00+00:00,2025-03-21 00:00:00+00:00,0.0,0.0,0.0,0.0,0.0,-20.448,-100.0,0.0,0.0,0.0,0.0,0.0,0.0,0.0,0.0,-20.448,-100.0,0.0,20.448,5514.0,44.0,0.797968806673921,0.0,0.0,0.0,,,,,,,,,,,,
192,Elegant Strapless Peplum Top,https://dd3662-08.myshopify.com/products/829025305724190720,2025-03-14 00:00:00+00:00,2025-03-21 00:00:00+00:00,0.0,0.0,0.0,0.0,0.0,-21.696,-100.0,0.0,0.0,0.0,0.0,0.0,0.0,0.0,0.0,-21.696,-100.0,0.0,21.696,886.0,21.0,2.3702031602708806,0.0,0.0,0.0,,,,,,,,,,,,
193,Elegant Satin Long Sleeve Suit,https://dd3662-08.myshopify.com/products/829025206688284672,2025-03-14 00:00:00+00:00,2025-03-21 00:00:00+00:00,0.0,0.0,0.0,0.0,0.0,-49.2192,-100.0,0.0,0.0,0.0,0.0,0.0,0.0,0.0,0.0,-49.2192,-100.0,0.0,49.2192,7122.0,482.0,6.767761864644763,0.0,0.0,0.0,,,,,,,,,,,,
194,Light and Comfortable Basket Shoes,https://dd3662-08.myshopify.com/products/829025248169951232,2025-03-14 00:00:00+00:00,2025-03-21 00:00:00+00:00,0.0,0.0,0.0,0.0,0.0,-21.503999999999998,-100.0,0.0,0.0,0.0,0.0,0.0,0.0,0.0,0.0,-21.503999999999998,-100.0,0.0,21.503999999999998,2716.0,49.0,1.804123711340206,0.0,0.0,0.0,,,,,,,,,,,,
195,Elegant Tassel Dress,https://dd3662-08.myshopify.com/products/829025222660194304,2025-03-14 00:00:00+00:00,2025-03-21 00:00:00+00:00,54.95,1.0,54.95,21.980000000000004,32.97,11.264400000000002,51.89628482972138,2.531604747162023,0.0,0.0,54.95,1.0,54.95,21.980000000000004,32.97,11.264400000000002,51.89628482972138,2.531604747162023,21.705599999999997,1420.0,28.0,1.971830985915493,3.571428571428571,100.0,0.0,21.705599999999997,20.499363057324842,20.499363057324842,,,,,,,,,
